STATION,NAME,DATE_OLD,PRCP,TAVG,TMAX,TMIN
USW00013874,"ATLANTA HARTSFIELD JACKSON INTERNATIONAL AIRPORT, GA US",8/6/20,0,81,91,73
USW00013874,"ATLANTA HARTSFIELD JACKSON INTERNATIONAL AIRPORT, GA US",8/7/20,0,82,91,74
USW00013874,"ATLANTA HARTSFIELD JACKSON INTERNATIONAL AIRPORT, GA US",8/8/20,0,83,94,73
USW00013874,"ATLANTA HARTSFIELD JACKSON INTERNATIONAL AIRPORT, GA US",8/9/20,0,83,96,73
USW00013874,"ATLANTA HARTSFIELD JACKSON INTERNATIONAL AIRPORT, GA US",8/10/20,0.18,81,95,73
USW00013874,"ATLANTA HARTSFIELD JACKSON INTERNATIONAL AIRPORT, GA US",8/11/20,0,79,94,72
USW00013874,"ATLANTA HARTSFIELD JACKSON INTERNATIONAL AIRPORT, GA US",8/12/20,0.09,81,94,74
USW00013874,"ATLANTA HARTSFIELD JACKSON INTERNATIONAL AIRPORT, GA US",8/13/20,0.71,82,94,73
USW00013874,"ATLANTA HARTSFIELD JACKSON INTERNATIONAL AIRPORT, GA US",8/14/20,0.1,77,87,72
USW00013874,"ATLANTA HARTSFIELD JACKSON INTERNATIONAL AIRPORT, GA US",8/15/20,0.32,77,89,73
USW00013874,"ATLANTA HARTSFIELD JACKSON INTERNATIONAL AIRPORT, GA US",8/16/20,0,80,92,72
USW00013874,"ATLANTA HARTSFIELD JACKSON INTERNATIONAL AIRPORT, GA US",8/17/20,0,82,90,73
USW00013874,"ATLANTA HARTSFIELD JACKSON INTERNATIONAL AIRPORT, GA US",8/18/20,0,80,92,70
USW00013874,"ATLANTA HARTSFIELD JACKSON INTERNATIONAL AIRPORT, GA US",8/19/20,0.64,78,88,70
USW00013874,"ATLANTA HARTSFIELD JACKSON INTERNATIONAL AIRPORT, GA US",8/20/20,0.32,74,84,69
USW00013874,"ATLANTA HARTSFIELD JACKSON INTERNATIONAL AIRPORT, GA US",8/21/20,0.21,74,82,70
USW00013874,"ATLANTA HARTSFIELD JACKSON INTERNATIONAL AIRPORT, GA US",8/22/20,0.06,76,85,70
USW00013874,"ATLANTA HARTSFIELD JACKSON INTERNATIONAL AIRPORT, GA US",8/23/20,0,77,86,72
USW00013874,"ATLANTA HARTSFIELD JACKSON INTERNATIONAL AIRPORT, GA US",8/24/20,0.15,78,85,73
USW00013874,"ATLANTA HARTSFIELD JACKSON INTERNATIONAL AIRPORT, GA US",8/25/20,1.19,74,76,73
USW00013874,"ATLANTA HARTSFIELD JACKSON INTERNATIONAL AIRPORT, GA US",8/26/20,0.02,79,89,74
USW00013874,"ATLANTA HARTSFIELD JACKSON INTERNATIONAL AIRPORT, GA US",8/27/20,0,80,90,73
USW00013874,"ATLANTA HARTSFIELD JACKSON INTERNATIONAL AIRPORT, GA US",8/28/20,0.12,81,87,75
USW00013874,"ATLANTA HARTSFIELD JACKSON INTERNATIONAL AIRPORT, GA US",8/29/20,0,80,89,76
USW00013874,"ATLANTA HARTSFIELD JACKSON INTERNATIONAL AIRPORT, GA US",8/30/20,2.7,81,91,72
USW00013874,"ATLANTA HARTSFIELD JACKSON INTERNATIONAL AIRPORT, GA US",8/31/20,0.01,78,89,73
USW00013874,"ATLANTA HARTSFIELD JACKSON INTERNATIONAL AIRPORT, GA US",9/1/20,0.13,81,89,74
USW00013874,"ATLANTA HARTSFIELD JACKSON INTERNATIONAL AIRPORT, GA US",9/2/20,0,81,89,74
USW00013874,"ATLANTA HARTSFIELD JACKSON INTERNATIONAL AIRPORT, GA US",9/3/20,0,81,91,73
USW00013874,"ATLANTA HARTSFIELD JACKSON INTERNATIONAL AIRPORT, GA US",9/4/20,0,82,92,74
USW00013874,"ATLANTA HARTSFIELD JACKSON INTERNATIONAL AIRPORT, GA US",9/5/20,0,80,89,68
USW00013874,"ATLANTA HARTSFIELD JACKSON INTERNATIONAL AIRPORT, GA US",9/6/20,0,76,85,68
USW00013874,"ATLANTA HARTSFIELD JACKSON INTERNATIONAL AIRPORT, GA US",9/7/20,0,75,85,66
USW00013874,"ATLANTA HARTSFIELD JACKSON INTERNATIONAL AIRPORT, GA US",9/8/20,0,76,86,67
USW00013874,"ATLANTA HARTSFIELD JACKSON INTERNATIONAL AIRPORT, GA US",9/9/20,0,76,85,70
USW00013874,"ATLANTA HARTSFIELD JACKSON INTERNATIONAL AIRPORT, GA US",9/10/20,0,79,87,75
USW00013874,"ATLANTA HARTSFIELD JACKSON INTERNATIONAL AIRPORT, GA US",9/11/20,0,81,91,74
USW00013874,"ATLANTA HARTSFIELD JACKSON INTERNATIONAL AIRPORT, GA US",9/12/20,0.02,80,87,74
USW00013874,"ATLANTA HARTSFIELD JACKSON INTERNATIONAL AIRPORT, GA US",9/13/20,0,78,88,73
USW00013874,"ATLANTA HARTSFIELD JACKSON INTERNATIONAL AIRPORT, GA US",9/14/20,0,79,87,74
USW00013874,"ATLANTA HARTSFIELD JACKSON INTERNATIONAL AIRPORT, GA US",9/15/20,0.19,74,77,69
USW00013874,"ATLANTA HARTSFIELD JACKSON INTERNATIONAL AIRPORT, GA US",9/16/20,1.2,67,69,63
USW00013874,"ATLANTA HARTSFIELD JACKSON INTERNATIONAL AIRPORT, GA US",9/17/20,2.79,69,75,67
USW00013874,"ATLANTA HARTSFIELD JACKSON INTERNATIONAL AIRPORT, GA US",9/18/20,0,73,83,67
USW00013874,"ATLANTA HARTSFIELD JACKSON INTERNATIONAL AIRPORT, GA US",9/19/20,0,70,71,62
USW00013874,"ATLANTA HARTSFIELD JACKSON INTERNATIONAL AIRPORT, GA US",9/20/20,0,63,72,55
USW00013874,"ATLANTA HARTSFIELD JACKSON INTERNATIONAL AIRPORT, GA US",9/21/20,0,62,72,53
USW00013874,"ATLANTA HARTSFIELD JACKSON INTERNATIONAL AIRPORT, GA US",9/22/20,0,60,71,51
USW00013874,"ATLANTA HARTSFIELD JACKSON INTERNATIONAL AIRPORT, GA US",9/23/20,0,67,77,61
USW00013874,"ATLANTA HARTSFIELD JACKSON INTERNATIONAL AIRPORT, GA US",9/24/20,0.98,67,69,64
USW00013874,"ATLANTA HARTSFIELD JACKSON INTERNATIONAL AIRPORT, GA US",9/25/20,0.01,71,77,70
USW00013874,"ATLANTA HARTSFIELD JACKSON INTERNATIONAL AIRPORT, GA US",9/26/20,0,73,81,68
USW00013874,"ATLANTA HARTSFIELD JACKSON INTERNATIONAL AIRPORT, GA US",9/27/20,0,73,83,67
USW00013874,"ATLANTA HARTSFIELD JACKSON INTERNATIONAL AIRPORT, GA US",9/28/20,0.08,74,84,69
USW00013874,"ATLANTA HARTSFIELD JACKSON INTERNATIONAL AIRPORT, GA US",9/29/20,0.27,64,69,54
USW00013874,"ATLANTA HARTSFIELD JACKSON INTERNATIONAL AIRPORT, GA US",9/30/20,0,60,73,50
USW00013874,"ATLANTA HARTSFIELD JACKSON INTERNATIONAL AIRPORT, GA US",10/1/20,0,66,80,55
USW00013874,"ATLANTA HARTSFIELD JACKSON INTERNATIONAL AIRPORT, GA US",10/2/20,0,61,69,50
USW00013874,"ATLANTA HARTSFIELD JACKSON INTERNATIONAL AIRPORT, GA US",10/3/20,0,59,71,49
USW00013874,"ATLANTA HARTSFIELD JACKSON INTERNATIONAL AIRPORT, GA US",10/4/20,0,62,75,54
USW00013874,"ATLANTA HARTSFIELD JACKSON INTERNATIONAL AIRPORT, GA US",10/5/20,0,65,77,54
USW00013874,"ATLANTA HARTSFIELD JACKSON INTERNATIONAL AIRPORT, GA US",10/6/20,0,67,79,57
USW00013874,"ATLANTA HARTSFIELD JACKSON INTERNATIONAL AIRPORT, GA US",10/7/20,0,72,83,62
USW00013874,"ATLANTA HARTSFIELD JACKSON INTERNATIONAL AIRPORT, GA US",10/8/20,0,71,85,59
USW00013874,"ATLANTA HARTSFIELD JACKSON INTERNATIONAL AIRPORT, GA US",10/9/20,0.13,71,75,65
USW00013874,"ATLANTA HARTSFIELD JACKSON INTERNATIONAL AIRPORT, GA US",10/10/20,4.55,69,77,65
USW00013874,"ATLANTA HARTSFIELD JACKSON INTERNATIONAL AIRPORT, GA US",10/11/20,0.05,73,75,70
USW00013874,"ATLANTA HARTSFIELD JACKSON INTERNATIONAL AIRPORT, GA US",10/12/20,0,73,81,70
USW00013874,"ATLANTA HARTSFIELD JACKSON INTERNATIONAL AIRPORT, GA US",10/13/20,0,72,80,60
USW00013874,"ATLANTA HARTSFIELD JACKSON INTERNATIONAL AIRPORT, GA US",10/14/20,0,66,80,55
USW00013874,"ATLANTA HARTSFIELD JACKSON INTERNATIONAL AIRPORT, GA US",10/15/20,0,70,81,63
USW00013874,"ATLANTA HARTSFIELD JACKSON INTERNATIONAL AIRPORT, GA US",10/16/20,0,64,69,52
USW00013874,"ATLANTA HARTSFIELD JACKSON INTERNATIONAL AIRPORT, GA US",10/17/20,0,56,67,45
USW00013874,"ATLANTA HARTSFIELD JACKSON INTERNATIONAL AIRPORT, GA US",10/18/20,0,58,72,49
USW00013874,"ATLANTA HARTSFIELD JACKSON INTERNATIONAL AIRPORT, GA US",10/19/20,0,63,76,54
USW00013874,"ATLANTA HARTSFIELD JACKSON INTERNATIONAL AIRPORT, GA US",10/20/20,0,67,79,57
USW00013874,"ATLANTA HARTSFIELD JACKSON INTERNATIONAL AIRPORT, GA US",10/21/20,0,70,81,62
USW00013874,"ATLANTA HARTSFIELD JACKSON INTERNATIONAL AIRPORT, GA US",10/22/20,0,71,81,65
USW00013874,"ATLANTA HARTSFIELD JACKSON INTERNATIONAL AIRPORT, GA US",10/23/20,0,72,82,64
USW00013874,"ATLANTA HARTSFIELD JACKSON INTERNATIONAL AIRPORT, GA US",10/24/20,2.48,71,80,65
USW00013874,"ATLANTA HARTSFIELD JACKSON INTERNATIONAL AIRPORT, GA US",10/25/20,0,69,75,66
USW00013874,"ATLANTA HARTSFIELD JACKSON INTERNATIONAL AIRPORT, GA US",10/26/20,0.02,68,69,64
USW00013874,"ATLANTA HARTSFIELD JACKSON INTERNATIONAL AIRPORT, GA US",10/27/20,0.05,67,75,64
USW00013874,"ATLANTA HARTSFIELD JACKSON INTERNATIONAL AIRPORT, GA US",10/28/20,0.06,72,77,69
USW00013874,"ATLANTA HARTSFIELD JACKSON INTERNATIONAL AIRPORT, GA US",10/29/20,0.89,76,82,50
USW00013874,"ATLANTA HARTSFIELD JACKSON INTERNATIONAL AIRPORT, GA US",10/30/20,0,56,63,48
USW00013874,"ATLANTA HARTSFIELD JACKSON INTERNATIONAL AIRPORT, GA US",10/31/20,0,54,66,47
USW00013874,"ATLANTA HARTSFIELD JACKSON INTERNATIONAL AIRPORT, GA US",11/1/20,0,59,71,50
USW00013874,"ATLANTA HARTSFIELD JACKSON INTERNATIONAL AIRPORT, GA US",11/2/20,0,50,59,38
USW00013874,"ATLANTA HARTSFIELD JACKSON INTERNATIONAL AIRPORT, GA US",11/3/20,0,49,66,37
USW00013874,"ATLANTA HARTSFIELD JACKSON INTERNATIONAL AIRPORT, GA US",11/4/20,0,56,69,44
USW00013874,"ATLANTA HARTSFIELD JACKSON INTERNATIONAL AIRPORT, GA US",11/5/20,0,58,71,47
USW00013874,"ATLANTA HARTSFIELD JACKSON INTERNATIONAL AIRPORT, GA US",11/6/20,0,64,75,57
USW00013874,"ATLANTA HARTSFIELD JACKSON INTERNATIONAL AIRPORT, GA US",11/7/20,0.11,65,73,61
USW00013874,"ATLANTA HARTSFIELD JACKSON INTERNATIONAL AIRPORT, GA US",11/8/20,0,68,76,63
USW00013874,"ATLANTA HARTSFIELD JACKSON INTERNATIONAL AIRPORT, GA US",11/9/20,0,70,78,65
USW00013874,"ATLANTA HARTSFIELD JACKSON INTERNATIONAL AIRPORT, GA US",11/10/20,0.09,68,71,67
USW00013874,"ATLANTA HARTSFIELD JACKSON INTERNATIONAL AIRPORT, GA US",11/11/20,0.09,72,78,70
USW00013874,"ATLANTA HARTSFIELD JACKSON INTERNATIONAL AIRPORT, GA US",11/12/20,0,69,74,60
USW00013874,"ATLANTA HARTSFIELD JACKSON INTERNATIONAL AIRPORT, GA US",11/13/20,0,63,73,52
USW00013874,"ATLANTA HARTSFIELD JACKSON INTERNATIONAL AIRPORT, GA US",11/14/20,0,58,71,47
USW00013874,"ATLANTA HARTSFIELD JACKSON INTERNATIONAL AIRPORT, GA US",11/15/20,0,60,72,48
USW00013874,"ATLANTA HARTSFIELD JACKSON INTERNATIONAL AIRPORT, GA US",11/16/20,0,53,63,43
USW00013874,"ATLANTA HARTSFIELD JACKSON INTERNATIONAL AIRPORT, GA US",11/17/20,0,51,64,41
USW00013874,"ATLANTA HARTSFIELD JACKSON INTERNATIONAL AIRPORT, GA US",11/18/20,0,50,64,38
USW00013874,"ATLANTA HARTSFIELD JACKSON INTERNATIONAL AIRPORT, GA US",11/19/20,0,49,62,37
USW00013874,"ATLANTA HARTSFIELD JACKSON INTERNATIONAL AIRPORT, GA US",11/20/20,0,54,70,42
USW00013874,"ATLANTA HARTSFIELD JACKSON INTERNATIONAL AIRPORT, GA US",11/21/20,0,59,72,47
USW00013874,"ATLANTA HARTSFIELD JACKSON INTERNATIONAL AIRPORT, GA US",11/22/20,0,59,71,51
USW00013874,"ATLANTA HARTSFIELD JACKSON INTERNATIONAL AIRPORT, GA US",11/23/20,0,56,62,43
USW00013874,"ATLANTA HARTSFIELD JACKSON INTERNATIONAL AIRPORT, GA US",11/24/20,0,49,61,40
USW00013874,"ATLANTA HARTSFIELD JACKSON INTERNATIONAL AIRPORT, GA US",11/25/20,0.29,57,72,48
USW00013874,"ATLANTA HARTSFIELD JACKSON INTERNATIONAL AIRPORT, GA US",11/26/20,0.69,65,74,53
USW00013874,"ATLANTA HARTSFIELD JACKSON INTERNATIONAL AIRPORT, GA US",11/27/20,0,58,72,46
USW00013874,"ATLANTA HARTSFIELD JACKSON INTERNATIONAL AIRPORT, GA US",11/28/20,0.12,59,68,51
USW00013874,"ATLANTA HARTSFIELD JACKSON INTERNATIONAL AIRPORT, GA US",11/29/20,1.28,55,56,52
USW00013874,"ATLANTA HARTSFIELD JACKSON INTERNATIONAL AIRPORT, GA US",11/30/20,0.26,48,56,34
USW00013874,"ATLANTA HARTSFIELD JACKSON INTERNATIONAL AIRPORT, GA US",12/1/20,0,35,44,29
USW00013874,"ATLANTA HARTSFIELD JACKSON INTERNATIONAL AIRPORT, GA US",12/2/20,0,38,54,28
USW00013874,"ATLANTA HARTSFIELD JACKSON INTERNATIONAL AIRPORT, GA US",12/3/20,0,43,57,32
USW00013874,"ATLANTA HARTSFIELD JACKSON INTERNATIONAL AIRPORT, GA US",12/4/20,0.12,51,60,41
USW00013874,"ATLANTA HARTSFIELD JACKSON INTERNATIONAL AIRPORT, GA US",12/5/20,0,45,57,37
USW00013874,"ATLANTA HARTSFIELD JACKSON INTERNATIONAL AIRPORT, GA US",12/6/20,0.05,46,58,37
USW00013874,"ATLANTA HARTSFIELD JACKSON INTERNATIONAL AIRPORT, GA US",12/7/20,0,45,49,34
USW00013874,"ATLANTA HARTSFIELD JACKSON INTERNATIONAL AIRPORT, GA US",12/8/20,0,38,49,31
USW00013874,"ATLANTA HARTSFIELD JACKSON INTERNATIONAL AIRPORT, GA US",12/9/20,0,42,62,30
USW00013874,"ATLANTA HARTSFIELD JACKSON INTERNATIONAL AIRPORT, GA US",12/10/20,0,53,69,40
USW00013874,"ATLANTA HARTSFIELD JACKSON INTERNATIONAL AIRPORT, GA US",12/11/20,0,54,67,41
USW00013874,"ATLANTA HARTSFIELD JACKSON INTERNATIONAL AIRPORT, GA US",12/12/20,0.02,58,67,51
USW00013874,"ATLANTA HARTSFIELD JACKSON INTERNATIONAL AIRPORT, GA US",12/13/20,0.02,60,68,53
USW00013874,"ATLANTA HARTSFIELD JACKSON INTERNATIONAL AIRPORT, GA US",12/14/20,0.43,56,66,39
USW00013874,"ATLANTA HARTSFIELD JACKSON INTERNATIONAL AIRPORT, GA US",12/15/20,0,42,51,35
USW00013874,"ATLANTA HARTSFIELD JACKSON INTERNATIONAL AIRPORT, GA US",12/16/20,0.32,42,44,40
USW00013874,"ATLANTA HARTSFIELD JACKSON INTERNATIONAL AIRPORT, GA US",12/17/20,0,39,42,32
USW00013874,"ATLANTA HARTSFIELD JACKSON INTERNATIONAL AIRPORT, GA US",12/18/20,0,38,53,30
USW00013874,"ATLANTA HARTSFIELD JACKSON INTERNATIONAL AIRPORT, GA US",12/19/20,0,41,53,30
USW00013874,"ATLANTA HARTSFIELD JACKSON INTERNATIONAL AIRPORT, GA US",12/20/20,0,48,56,43
USW00013874,"ATLANTA HARTSFIELD JACKSON INTERNATIONAL AIRPORT, GA US",12/21/20,0,50,60,41
USW00013874,"ATLANTA HARTSFIELD JACKSON INTERNATIONAL AIRPORT, GA US",12/22/20,0,51,62,41
USW00013874,"ATLANTA HARTSFIELD JACKSON INTERNATIONAL AIRPORT, GA US",12/23/20,0,48,60,37
USW00013874,"ATLANTA HARTSFIELD JACKSON INTERNATIONAL AIRPORT, GA US",12/24/20,1.31,52,56,31
USW00013874,"ATLANTA HARTSFIELD JACKSON INTERNATIONAL AIRPORT, GA US",12/25/20,0,30,35,24
USW00013874,"ATLANTA HARTSFIELD JACKSON INTERNATIONAL AIRPORT, GA US",12/26/20,0,31,48,22
USW00013874,"ATLANTA HARTSFIELD JACKSON INTERNATIONAL AIRPORT, GA US",12/27/20,0,41,58,29
USW00013874,"ATLANTA HARTSFIELD JACKSON INTERNATIONAL AIRPORT, GA US",12/28/20,0,46,61,33
USW00013874,"ATLANTA HARTSFIELD JACKSON INTERNATIONAL AIRPORT, GA US",12/29/20,0,52,66,39
USW00013874,"ATLANTA HARTSFIELD JACKSON INTERNATIONAL AIRPORT, GA US",12/30/20,0,51,54,44
USW00013874,"ATLANTA HARTSFIELD JACKSON INTERNATIONAL AIRPORT, GA US",12/31/20,0.02,49,56,44
USW00013874,"ATLANTA HARTSFIELD JACKSON INTERNATIONAL AIRPORT, GA US",1/1/21,1.23,60,68,56
USW00013874,"ATLANTA HARTSFIELD JACKSON INTERNATIONAL AIRPORT, GA US",1/2/21,0,60,64,54
USW00013874,"ATLANTA HARTSFIELD JACKSON INTERNATIONAL AIRPORT, GA US",1/3/21,0,49,54,37
USW00013874,"ATLANTA HARTSFIELD JACKSON INTERNATIONAL AIRPORT, GA US",1/4/21,0,44,59,34
USW00013874,"ATLANTA HARTSFIELD JACKSON INTERNATIONAL AIRPORT, GA US",1/5/21,0,50,58,41
USW00013874,"ATLANTA HARTSFIELD JACKSON INTERNATIONAL AIRPORT, GA US",1/6/21,0,43,56,32
USW00013874,"ATLANTA HARTSFIELD JACKSON INTERNATIONAL AIRPORT, GA US",1/7/21,0.17,42,46,36
USW00013874,"ATLANTA HARTSFIELD JACKSON INTERNATIONAL AIRPORT, GA US",1/8/21,0.15,40,42,37
USW00013874,"ATLANTA HARTSFIELD JACKSON INTERNATIONAL AIRPORT, GA US",1/9/21,0,37,38,31
USW00013874,"ATLANTA HARTSFIELD JACKSON INTERNATIONAL AIRPORT, GA US",1/10/21,0,36,48,28
USW00013874,"ATLANTA HARTSFIELD JACKSON INTERNATIONAL AIRPORT, GA US",1/11/21,0.22,42,45,40
USW00013874,"ATLANTA HARTSFIELD JACKSON INTERNATIONAL AIRPORT, GA US",1/12/21,0,42,43,34
USW00013874,"ATLANTA HARTSFIELD JACKSON INTERNATIONAL AIRPORT, GA US",1/13/21,0,38,50,30
USW00013874,"ATLANTA HARTSFIELD JACKSON INTERNATIONAL AIRPORT, GA US",1/14/21,0,42,57,30
USW00013874,"ATLANTA HARTSFIELD JACKSON INTERNATIONAL AIRPORT, GA US",1/15/21,0,49,56,39
USW00013874,"ATLANTA HARTSFIELD JACKSON INTERNATIONAL AIRPORT, GA US",1/16/21,0,40,45,32
USW00013874,"ATLANTA HARTSFIELD JACKSON INTERNATIONAL AIRPORT, GA US",1/17/21,0,40,51,32
USW00013874,"ATLANTA HARTSFIELD JACKSON INTERNATIONAL AIRPORT, GA US",1/18/21,0,44,55,35
USW00013874,"ATLANTA HARTSFIELD JACKSON INTERNATIONAL AIRPORT, GA US",1/19/21,0,45,60,34
USW00013874,"ATLANTA HARTSFIELD JACKSON INTERNATIONAL AIRPORT, GA US",1/20/21,0,51,56,44
USW00013874,"ATLANTA HARTSFIELD JACKSON INTERNATIONAL AIRPORT, GA US",1/21/21,0.1,48,53,42
USW00013874,"ATLANTA HARTSFIELD JACKSON INTERNATIONAL AIRPORT, GA US",1/22/21,0.07,49,59,42
USW00013874,"ATLANTA HARTSFIELD JACKSON INTERNATIONAL AIRPORT, GA US",1/23/21,0,47,63,35
USW00013874,"ATLANTA HARTSFIELD JACKSON INTERNATIONAL AIRPORT, GA US",1/24/21,0,50,62,39
USW00013874,"ATLANTA HARTSFIELD JACKSON INTERNATIONAL AIRPORT, GA US",1/25/21,0.02,55,67,48
USW00013874,"ATLANTA HARTSFIELD JACKSON INTERNATIONAL AIRPORT, GA US",1/26/21,0.4,65,69,57
USW00013874,"ATLANTA HARTSFIELD JACKSON INTERNATIONAL AIRPORT, GA US",1/27/21,0.92,56,60,43
USW00013874,"ATLANTA HARTSFIELD JACKSON INTERNATIONAL AIRPORT, GA US",1/28/21,0,42,47,34
USW00013874,"ATLANTA HARTSFIELD JACKSON INTERNATIONAL AIRPORT, GA US",1/29/21,0,38,53,29
USW00013874,"ATLANTA HARTSFIELD JACKSON INTERNATIONAL AIRPORT, GA US",1/30/21,0,41,52,33
USW00013874,"ATLANTA HARTSFIELD JACKSON INTERNATIONAL AIRPORT, GA US",1/31/21,0.34,44,47,41
USW00013874,"ATLANTA HARTSFIELD JACKSON INTERNATIONAL AIRPORT, GA US",2/1/21,0,41,47,36
USW00013874,"ATLANTA HARTSFIELD JACKSON INTERNATIONAL AIRPORT, GA US",2/2/21,0,38,47,33
USW00013874,"ATLANTA HARTSFIELD JACKSON INTERNATIONAL AIRPORT, GA US",2/3/21,0,38,51,29
USW00013874,"ATLANTA HARTSFIELD JACKSON INTERNATIONAL AIRPORT, GA US",2/4/21,0,40,54,30
USW00013874,"ATLANTA HARTSFIELD JACKSON INTERNATIONAL AIRPORT, GA US",2/5/21,0.14,51,55,41
USW00013874,"ATLANTA HARTSFIELD JACKSON INTERNATIONAL AIRPORT, GA US",2/6/21,0.7,44,53,36
USW00013874,"ATLANTA HARTSFIELD JACKSON INTERNATIONAL AIRPORT, GA US",2/7/21,0.07,41,51,37
USW00013874,"ATLANTA HARTSFIELD JACKSON INTERNATIONAL AIRPORT, GA US",2/8/21,0,44,60,34
USW00013874,"ATLANTA HARTSFIELD JACKSON INTERNATIONAL AIRPORT, GA US",2/9/21,0,55,66,50
USW00013874,"ATLANTA HARTSFIELD JACKSON INTERNATIONAL AIRPORT, GA US",2/10/21,0,57,69,46
USW00013874,"ATLANTA HARTSFIELD JACKSON INTERNATIONAL AIRPORT, GA US",2/11/21,0.55,58,63,54
USW00013874,"ATLANTA HARTSFIELD JACKSON INTERNATIONAL AIRPORT, GA US",2/12/21,0.02,53,60,41
USW00013874,"ATLANTA HARTSFIELD JACKSON INTERNATIONAL AIRPORT, GA US",2/13/21,0.49,42,46,39
USW00013874,"ATLANTA HARTSFIELD JACKSON INTERNATIONAL AIRPORT, GA US",2/14/21,0,45,48,43
USW00013874,"ATLANTA HARTSFIELD JACKSON INTERNATIONAL AIRPORT, GA US",2/15/21,0.81,44,50,43
USW00013874,"ATLANTA HARTSFIELD JACKSON INTERNATIONAL AIRPORT, GA US",2/16/21,0,36,45,24
USW00013874,"ATLANTA HARTSFIELD JACKSON INTERNATIONAL AIRPORT, GA US",2/17/21,0.01,33,53,23
USW00013874,"ATLANTA HARTSFIELD JACKSON INTERNATIONAL AIRPORT, GA US",2/18/21,0.74,43,45,39
USW00013874,"ATLANTA HARTSFIELD JACKSON INTERNATIONAL AIRPORT, GA US",2/19/21,0,42,49,36
USW00013874,"ATLANTA HARTSFIELD JACKSON INTERNATIONAL AIRPORT, GA US",2/20/21,0,40,54,28
USW00013874,"ATLANTA HARTSFIELD JACKSON INTERNATIONAL AIRPORT, GA US",2/21/21,0,45,61,33
USW00013874,"ATLANTA HARTSFIELD JACKSON INTERNATIONAL AIRPORT, GA US",2/22/21,0.04,54,65,45
USW00013874,"ATLANTA HARTSFIELD JACKSON INTERNATIONAL AIRPORT, GA US",2/23/21,0,53,71,40
USW00013874,"ATLANTA HARTSFIELD JACKSON INTERNATIONAL AIRPORT, GA US",2/24/21,0,58,73,42
USW00013874,"ATLANTA HARTSFIELD JACKSON INTERNATIONAL AIRPORT, GA US",2/25/21,0,62,75,51
USW00013874,"ATLANTA HARTSFIELD JACKSON INTERNATIONAL AIRPORT, GA US",2/26/21,0.14,57,61,50
USW00013874,"ATLANTA HARTSFIELD JACKSON INTERNATIONAL AIRPORT, GA US",2/27/21,0,53,69,47
USW00013874,"ATLANTA HARTSFIELD JACKSON INTERNATIONAL AIRPORT, GA US",2/28/21,0,64,79,55
USW00013874,"ATLANTA HARTSFIELD JACKSON INTERNATIONAL AIRPORT, GA US",3/1/21,0.1,64,69,48
USW00013874,"ATLANTA HARTSFIELD JACKSON INTERNATIONAL AIRPORT, GA US",3/2/21,0.11,47,49,41
USW00013874,"ATLANTA HARTSFIELD JACKSON INTERNATIONAL AIRPORT, GA US",3/3/21,0.2,48,65,39
USW00013874,"ATLANTA HARTSFIELD JACKSON INTERNATIONAL AIRPORT, GA US",3/4/21,0,55,70,44
USW00013874,"ATLANTA HARTSFIELD JACKSON INTERNATIONAL AIRPORT, GA US",3/5/21,0,55,67,42
USW00013874,"ATLANTA HARTSFIELD JACKSON INTERNATIONAL AIRPORT, GA US",3/6/21,0,51,54,40
USW00013874,"ATLANTA HARTSFIELD JACKSON INTERNATIONAL AIRPORT, GA US",3/7/21,0,47,61,35
USW00013874,"ATLANTA HARTSFIELD JACKSON INTERNATIONAL AIRPORT, GA US",3/8/21,0,52,70,37
USW00013874,"ATLANTA HARTSFIELD JACKSON INTERNATIONAL AIRPORT, GA US",3/9/21,0,56,70,40
USW00013874,"ATLANTA HARTSFIELD JACKSON INTERNATIONAL AIRPORT, GA US",3/10/21,0,59,74,46
USW00013874,"ATLANTA HARTSFIELD JACKSON INTERNATIONAL AIRPORT, GA US",3/11/21,0,62,74,53
USW00013874,"ATLANTA HARTSFIELD JACKSON INTERNATIONAL AIRPORT, GA US",3/12/21,0,65,79,52
USW00013874,"ATLANTA HARTSFIELD JACKSON INTERNATIONAL AIRPORT, GA US",3/13/21,0,67,80,57
USW00013874,"ATLANTA HARTSFIELD JACKSON INTERNATIONAL AIRPORT, GA US",3/14/21,0,68,81,56
USW00013874,"ATLANTA HARTSFIELD JACKSON INTERNATIONAL AIRPORT, GA US",3/15/21,0,66,70,60
USW00013874,"ATLANTA HARTSFIELD JACKSON INTERNATIONAL AIRPORT, GA US",3/16/21,0.22,55,63,47
USW00013874,"ATLANTA HARTSFIELD JACKSON INTERNATIONAL AIRPORT, GA US",3/17/21,0.07,52,59,49
USW00013874,"ATLANTA HARTSFIELD JACKSON INTERNATIONAL AIRPORT, GA US",3/18/21,0.61,63,74,48
USW00013874,"ATLANTA HARTSFIELD JACKSON INTERNATIONAL AIRPORT, GA US",3/19/21,0.01,51,60,45
USW00013874,"ATLANTA HARTSFIELD JACKSON INTERNATIONAL AIRPORT, GA US",3/20/21,0,51,58,41
USW00013874,"ATLANTA HARTSFIELD JACKSON INTERNATIONAL AIRPORT, GA US",3/21/21,0,54,67,47
USW00013874,"ATLANTA HARTSFIELD JACKSON INTERNATIONAL AIRPORT, GA US",3/22/21,0,59,71,52
USW00013874,"ATLANTA HARTSFIELD JACKSON INTERNATIONAL AIRPORT, GA US",3/23/21,0,61,69,56
USW00013874,"ATLANTA HARTSFIELD JACKSON INTERNATIONAL AIRPORT, GA US",3/24/21,0,65,75,60
USW00013874,"ATLANTA HARTSFIELD JACKSON INTERNATIONAL AIRPORT, GA US",3/25/21,0.65,68,77,62
USW00013874,"ATLANTA HARTSFIELD JACKSON INTERNATIONAL AIRPORT, GA US",3/26/21,0.67,71,76,64
USW00013874,"ATLANTA HARTSFIELD JACKSON INTERNATIONAL AIRPORT, GA US",3/27/21,0,71,82,64
USW00013874,"ATLANTA HARTSFIELD JACKSON INTERNATIONAL AIRPORT, GA US",3/28/21,0.06,69,73,53
USW00013874,"ATLANTA HARTSFIELD JACKSON INTERNATIONAL AIRPORT, GA US",3/29/21,0,56,69,41
USW00013874,"ATLANTA HARTSFIELD JACKSON INTERNATIONAL AIRPORT, GA US",3/30/21,0.08,60,75,49
USW00013874,"ATLANTA HARTSFIELD JACKSON INTERNATIONAL AIRPORT, GA US",3/31/21,0.99,65,71,45
USW00013874,"ATLANTA HARTSFIELD JACKSON INTERNATIONAL AIRPORT, GA US",4/1/21,0,47,53,40
USW00013874,"ATLANTA HARTSFIELD JACKSON INTERNATIONAL AIRPORT, GA US",4/2/21,0,44,57,33
USW00013874,"ATLANTA HARTSFIELD JACKSON INTERNATIONAL AIRPORT, GA US",4/3/21,0,48,64,35
USW00013874,"ATLANTA HARTSFIELD JACKSON INTERNATIONAL AIRPORT, GA US",4/4/21,0,57,73,40
USW00013874,"ATLANTA HARTSFIELD JACKSON INTERNATIONAL AIRPORT, GA US",4/5/21,0,63,78,49
USW00013874,"ATLANTA HARTSFIELD JACKSON INTERNATIONAL AIRPORT, GA US",4/6/21,0,67,80,51
USW00013874,"ATLANTA HARTSFIELD JACKSON INTERNATIONAL AIRPORT, GA US",4/7/21,0,69,81,57
USW00013874,"ATLANTA HARTSFIELD JACKSON INTERNATIONAL AIRPORT, GA US",4/8/21,0,69,78,61
USW00013874,"ATLANTA HARTSFIELD JACKSON INTERNATIONAL AIRPORT, GA US",4/9/21,0,69,76,63
USW00013874,"ATLANTA HARTSFIELD JACKSON INTERNATIONAL AIRPORT, GA US",4/10/21,0.45,65,70,61
USW00013874,"ATLANTA HARTSFIELD JACKSON INTERNATIONAL AIRPORT, GA US",4/11/21,0,65,75,57
USW00013874,"ATLANTA HARTSFIELD JACKSON INTERNATIONAL AIRPORT, GA US",4/12/21,0,67,83,52
USW00013874,"ATLANTA HARTSFIELD JACKSON INTERNATIONAL AIRPORT, GA US",4/13/21,0,72,86,59
USW00013874,"ATLANTA HARTSFIELD JACKSON INTERNATIONAL AIRPORT, GA US",4/14/21,0.02,70,81,58
USW00013874,"ATLANTA HARTSFIELD JACKSON INTERNATIONAL AIRPORT, GA US",4/15/21,0,64,71,55
USW00013874,"ATLANTA HARTSFIELD JACKSON INTERNATIONAL AIRPORT, GA US",4/16/21,0,58,67,50
USW00013874,"ATLANTA HARTSFIELD JACKSON INTERNATIONAL AIRPORT, GA US",4/17/21,0.01,62,72,55
USW00013874,"ATLANTA HARTSFIELD JACKSON INTERNATIONAL AIRPORT, GA US",4/18/21,0,62,73,52
USW00013874,"ATLANTA HARTSFIELD JACKSON INTERNATIONAL AIRPORT, GA US",4/19/21,0,61,72,50
USW00013874,"ATLANTA HARTSFIELD JACKSON INTERNATIONAL AIRPORT, GA US",4/20/21,0,64,75,55
USW00013874,"ATLANTA HARTSFIELD JACKSON INTERNATIONAL AIRPORT, GA US",4/21/21,0,59,62,43
USW00013874,"ATLANTA HARTSFIELD JACKSON INTERNATIONAL AIRPORT, GA US",4/22/21,0,50,64,38
USW00013874,"ATLANTA HARTSFIELD JACKSON INTERNATIONAL AIRPORT, GA US",4/23/21,0,56,70,45
USW00013874,"ATLANTA HARTSFIELD JACKSON INTERNATIONAL AIRPORT, GA US",4/24/21,3.18,63,78,54
USW00013874,"ATLANTA HARTSFIELD JACKSON INTERNATIONAL AIRPORT, GA US",4/25/21,0,62,71,55
USW00013874,"ATLANTA HARTSFIELD JACKSON INTERNATIONAL AIRPORT, GA US",4/26/21,0,64,78,52
USW00013874,"ATLANTA HARTSFIELD JACKSON INTERNATIONAL AIRPORT, GA US",4/27/21,0,70,81,59
USW00013874,"ATLANTA HARTSFIELD JACKSON INTERNATIONAL AIRPORT, GA US",4/28/21,0,73,82,65
USW00013874,"ATLANTA HARTSFIELD JACKSON INTERNATIONAL AIRPORT, GA US",4/29/21,0.08,72,78,65
USW00013874,"ATLANTA HARTSFIELD JACKSON INTERNATIONAL AIRPORT, GA US",4/30/21,0,70,75,60
USW00013874,"ATLANTA HARTSFIELD JACKSON INTERNATIONAL AIRPORT, GA US",5/1/21,0,67,78,55
USW00013874,"ATLANTA HARTSFIELD JACKSON INTERNATIONAL AIRPORT, GA US",5/2/21,0,70,81,62
USW00013874,"ATLANTA HARTSFIELD JACKSON INTERNATIONAL AIRPORT, GA US",5/3/21,1.91,72,79,68
USW00013874,"ATLANTA HARTSFIELD JACKSON INTERNATIONAL AIRPORT, GA US",5/4/21,1.89,69,78,64
USW00013874,"ATLANTA HARTSFIELD JACKSON INTERNATIONAL AIRPORT, GA US",5/5/21,0,68,78,60
USW00013874,"ATLANTA HARTSFIELD JACKSON INTERNATIONAL AIRPORT, GA US",5/6/21,0,63,72,51
USW00013874,"ATLANTA HARTSFIELD JACKSON INTERNATIONAL AIRPORT, GA US",5/7/21,0,60,69,50
USW00013874,"ATLANTA HARTSFIELD JACKSON INTERNATIONAL AIRPORT, GA US",5/8/21,0,62,77,51
USW00013874,"ATLANTA HARTSFIELD JACKSON INTERNATIONAL AIRPORT, GA US",5/9/21,0.01,69,83,56
USW00013874,"ATLANTA HARTSFIELD JACKSON INTERNATIONAL AIRPORT, GA US",5/10/21,0.39,71,77,63
USW00013874,"ATLANTA HARTSFIELD JACKSON INTERNATIONAL AIRPORT, GA US",5/11/21,0,69,78,63
USW00013874,"ATLANTA HARTSFIELD JACKSON INTERNATIONAL AIRPORT, GA US",5/12/21,0.61,62,67,49
USW00013874,"ATLANTA HARTSFIELD JACKSON INTERNATIONAL AIRPORT, GA US",5/13/21,0,56,70,48
USW00013874,"ATLANTA HARTSFIELD JACKSON INTERNATIONAL AIRPORT, GA US",5/14/21,0,63,74,52
USW00013874,"ATLANTA HARTSFIELD JACKSON INTERNATIONAL AIRPORT, GA US",5/15/21,0,65,76,53
USW00013874,"ATLANTA HARTSFIELD JACKSON INTERNATIONAL AIRPORT, GA US",5/16/21,0,68,79,56
USW00013874,"ATLANTA HARTSFIELD JACKSON INTERNATIONAL AIRPORT, GA US",5/17/21,0,70,79,59
USW00013874,"ATLANTA HARTSFIELD JACKSON INTERNATIONAL AIRPORT, GA US",5/18/21,0,71,78,63
USW00013874,"ATLANTA HARTSFIELD JACKSON INTERNATIONAL AIRPORT, GA US",5/19/21,0,72,81,64
USW00013874,"ATLANTA HARTSFIELD JACKSON INTERNATIONAL AIRPORT, GA US",5/20/21,0,72,81,62
USW00013874,"ATLANTA HARTSFIELD JACKSON INTERNATIONAL AIRPORT, GA US",5/21/21,0,73,84,59
USW00013874,"ATLANTA HARTSFIELD JACKSON INTERNATIONAL AIRPORT, GA US",5/22/21,0,74,84,64
USW00013874,"ATLANTA HARTSFIELD JACKSON INTERNATIONAL AIRPORT, GA US",5/23/21,0,77,90,65
USW00013874,"ATLANTA HARTSFIELD JACKSON INTERNATIONAL AIRPORT, GA US",5/24/21,0,79,91,67
USW00013874,"ATLANTA HARTSFIELD JACKSON INTERNATIONAL AIRPORT, GA US",5/25/21,0,82,91,72
USW00013874,"ATLANTA HARTSFIELD JACKSON INTERNATIONAL AIRPORT, GA US",5/26/21,0,80,88,69
USW00013874,"ATLANTA HARTSFIELD JACKSON INTERNATIONAL AIRPORT, GA US",5/27/21,0.09,77,87,69
USW00013874,"ATLANTA HARTSFIELD JACKSON INTERNATIONAL AIRPORT, GA US",5/28/21,0.25,76,84,67
USW00013874,"ATLANTA HARTSFIELD JACKSON INTERNATIONAL AIRPORT, GA US",5/29/21,0,70,75,59
USW00013874,"ATLANTA HARTSFIELD JACKSON INTERNATIONAL AIRPORT, GA US",5/30/21,0,65,77,54
USW00013874,"ATLANTA HARTSFIELD JACKSON INTERNATIONAL AIRPORT, GA US",5/31/21,0,68,80,59
USW00013874,"ATLANTA HARTSFIELD JACKSON INTERNATIONAL AIRPORT, GA US",6/1/21,0,71,82,61
USW00013874,"ATLANTA HARTSFIELD JACKSON INTERNATIONAL AIRPORT, GA US",6/2/21,0,73,81,64
USW00013874,"ATLANTA HARTSFIELD JACKSON INTERNATIONAL AIRPORT, GA US",6/3/21,0,76,87,69
USW00013874,"ATLANTA HARTSFIELD JACKSON INTERNATIONAL AIRPORT, GA US",6/4/21,0,76,85,68
USW00013874,"ATLANTA HARTSFIELD JACKSON INTERNATIONAL AIRPORT, GA US",6/5/21,0.83,78,87,73
USW00013874,"ATLANTA HARTSFIELD JACKSON INTERNATIONAL AIRPORT, GA US",6/6/21,0.08,78,87,72
USW00013874,"ATLANTA HARTSFIELD JACKSON INTERNATIONAL AIRPORT, GA US",6/7/21,0.06,76,86,71
USW00013874,"ATLANTA HARTSFIELD JACKSON INTERNATIONAL AIRPORT, GA US",6/8/21,0.41,77,87,70
USW00013874,"ATLANTA HARTSFIELD JACKSON INTERNATIONAL AIRPORT, GA US",6/9/21,0.12,75,86,70
USW00013874,"ATLANTA HARTSFIELD JACKSON INTERNATIONAL AIRPORT, GA US",6/10/21,0.1,75,85,70
USW00013874,"ATLANTA HARTSFIELD JACKSON INTERNATIONAL AIRPORT, GA US",6/11/21,0.48,76,85,72
USW00013874,"ATLANTA HARTSFIELD JACKSON INTERNATIONAL AIRPORT, GA US",6/12/21,0,78,89,72
USW00013874,"ATLANTA HARTSFIELD JACKSON INTERNATIONAL AIRPORT, GA US",6/13/21,0,79,89,71
USW00013874,"ATLANTA HARTSFIELD JACKSON INTERNATIONAL AIRPORT, GA US",6/14/21,0.01,81,92,73
USW00013874,"ATLANTA HARTSFIELD JACKSON INTERNATIONAL AIRPORT, GA US",6/15/21,0,80,90,71
USW00013874,"ATLANTA HARTSFIELD JACKSON INTERNATIONAL AIRPORT, GA US",6/16/21,0,76,87,64
USW00013874,"ATLANTA HARTSFIELD JACKSON INTERNATIONAL AIRPORT, GA US",6/17/21,0,77,89,65
USW00013874,"ATLANTA HARTSFIELD JACKSON INTERNATIONAL AIRPORT, GA US",6/18/21,0,80,90,69
USW00013874,"ATLANTA HARTSFIELD JACKSON INTERNATIONAL AIRPORT, GA US",6/19/21,2.33,75,78,70
USW00013874,"ATLANTA HARTSFIELD JACKSON INTERNATIONAL AIRPORT, GA US",6/20/21,0.39,74,84,70
USW00013874,"ATLANTA HARTSFIELD JACKSON INTERNATIONAL AIRPORT, GA US",6/21/21,0.72,78,86,72
USW00013874,"ATLANTA HARTSFIELD JACKSON INTERNATIONAL AIRPORT, GA US",6/22/21,0.36,74,81,67
USW00013874,"ATLANTA HARTSFIELD JACKSON INTERNATIONAL AIRPORT, GA US",6/23/21,0,73,84,62
USW00013874,"ATLANTA HARTSFIELD JACKSON INTERNATIONAL AIRPORT, GA US",6/24/21,0,76,83,69
USW00013874,"ATLANTA HARTSFIELD JACKSON INTERNATIONAL AIRPORT, GA US",6/25/21,0,75,83,66
USW00013874,"ATLANTA HARTSFIELD JACKSON INTERNATIONAL AIRPORT, GA US",6/26/21,0.17,76,86,67
USW00013874,"ATLANTA HARTSFIELD JACKSON INTERNATIONAL AIRPORT, GA US",6/27/21,0,78,87,72
USW00013874,"ATLANTA HARTSFIELD JACKSON INTERNATIONAL AIRPORT, GA US",6/28/21,0,80,89,73
USW00013874,"ATLANTA HARTSFIELD JACKSON INTERNATIONAL AIRPORT, GA US",6/29/21,0.25,79,86,73
USW00013874,"ATLANTA HARTSFIELD JACKSON INTERNATIONAL AIRPORT, GA US",6/30/21,0.05,80,89,71
USW00013874,"ATLANTA HARTSFIELD JACKSON INTERNATIONAL AIRPORT, GA US",7/1/21,0,78,87,70
USW00013874,"ATLANTA HARTSFIELD JACKSON INTERNATIONAL AIRPORT, GA US",7/2/21,0.77,76,81,73
USW00013874,"ATLANTA HARTSFIELD JACKSON INTERNATIONAL AIRPORT, GA US",7/3/21,0,76,84,67
USW00013874,"ATLANTA HARTSFIELD JACKSON INTERNATIONAL AIRPORT, GA US",7/4/21,0,76,87,65
USW00013874,"ATLANTA HARTSFIELD JACKSON INTERNATIONAL AIRPORT, GA US",7/5/21,0,79,88,69
USW00013874,"ATLANTA HARTSFIELD JACKSON INTERNATIONAL AIRPORT, GA US",7/6/21,0.11,79,86,71
USW00013874,"ATLANTA HARTSFIELD JACKSON INTERNATIONAL AIRPORT, GA US",7/7/21,0.17,76,86,71
USW00013874,"ATLANTA HARTSFIELD JACKSON INTERNATIONAL AIRPORT, GA US",7/8/21,0.03,77,85,71
USW00013874,"ATLANTA HARTSFIELD JACKSON INTERNATIONAL AIRPORT, GA US",7/9/21,0.22,78,89,72
USW00013874,"ATLANTA HARTSFIELD JACKSON INTERNATIONAL AIRPORT, GA US",7/10/21,0.9,78,88,71
USW00013874,"ATLANTA HARTSFIELD JACKSON INTERNATIONAL AIRPORT, GA US",7/11/21,0,76,86,71
USW00013874,"ATLANTA HARTSFIELD JACKSON INTERNATIONAL AIRPORT, GA US",7/12/21,0.39,75,83,69
USW00013874,"ATLANTA HARTSFIELD JACKSON INTERNATIONAL AIRPORT, GA US",7/13/21,0.01,74,84,69
USW00013874,"ATLANTA HARTSFIELD JACKSON INTERNATIONAL AIRPORT, GA US",7/14/21,0.07,79,88,71
USW00013874,"ATLANTA HARTSFIELD JACKSON INTERNATIONAL AIRPORT, GA US",7/15/21,0,81,90,72
USW00013874,"ATLANTA HARTSFIELD JACKSON INTERNATIONAL AIRPORT, GA US",7/16/21,0.2,80,89,73
USW00013874,"ATLANTA HARTSFIELD JACKSON INTERNATIONAL AIRPORT, GA US",7/17/21,0,78,88,71
USW00013874,"ATLANTA HARTSFIELD JACKSON INTERNATIONAL AIRPORT, GA US",7/18/21,0.57,77,85,73
USW00013874,"ATLANTA HARTSFIELD JACKSON INTERNATIONAL AIRPORT, GA US",7/19/21,1.39,75,83,72
USW00013874,"ATLANTA HARTSFIELD JACKSON INTERNATIONAL AIRPORT, GA US",7/20/21,0.31,75,83,71
USW00013874,"ATLANTA HARTSFIELD JACKSON INTERNATIONAL AIRPORT, GA US",7/21/21,0,77,88,72
USW00013874,"ATLANTA HARTSFIELD JACKSON INTERNATIONAL AIRPORT, GA US",7/22/21,0,80,90,72
USW00013874,"ATLANTA HARTSFIELD JACKSON INTERNATIONAL AIRPORT, GA US",7/23/21,0.32,81,91,74
USW00013874,"ATLANTA HARTSFIELD JACKSON INTERNATIONAL AIRPORT, GA US",7/24/21,0,81,90,73
USW00013874,"ATLANTA HARTSFIELD JACKSON INTERNATIONAL AIRPORT, GA US",7/25/21,0,82,90,75
USW00013874,"ATLANTA HARTSFIELD JACKSON INTERNATIONAL AIRPORT, GA US",7/26/21,0.49,83,93,75
USW00013874,"ATLANTA HARTSFIELD JACKSON INTERNATIONAL AIRPORT, GA US",7/27/21,0,81,91,74
USW00013874,"ATLANTA HARTSFIELD JACKSON INTERNATIONAL AIRPORT, GA US",7/28/21,0.03,81,95,73
USW00013874,"ATLANTA HARTSFIELD JACKSON INTERNATIONAL AIRPORT, GA US",7/29/21,0,85,94,77
USW00013874,"ATLANTA HARTSFIELD JACKSON INTERNATIONAL AIRPORT, GA US",7/30/21,0,84,92,75
USW00013874,"ATLANTA HARTSFIELD JACKSON INTERNATIONAL AIRPORT, GA US",7/31/21,0,84,93,75
USW00013874,"ATLANTA HARTSFIELD JACKSON INTERNATIONAL AIRPORT, GA US",8/1/21,0.01,81,90,74
USW00013874,"ATLANTA HARTSFIELD JACKSON INTERNATIONAL AIRPORT, GA US",8/2/21,0.01,80,89,72
USW00013874,"ATLANTA HARTSFIELD JACKSON INTERNATIONAL AIRPORT, GA US",8/3/21,1.43,76,84,70
USW00013874,"ATLANTA HARTSFIELD JACKSON INTERNATIONAL AIRPORT, GA US",8/4/21,0,75,85,70
USW00013874,"ATLANTA HARTSFIELD JACKSON INTERNATIONAL AIRPORT, GA US",8/5/21,0,76,86,69
USW00013874,"ATLANTA HARTSFIELD JACKSON INTERNATIONAL AIRPORT, GA US",8/6/21,0,78,86,71
USW00013874,"ATLANTA HARTSFIELD JACKSON INTERNATIONAL AIRPORT, GA US",8/7/21,0,79,88,72
USW00013874,"ATLANTA HARTSFIELD JACKSON INTERNATIONAL AIRPORT, GA US",8/8/21,0,78,89,69
USW00013874,"ATLANTA HARTSFIELD JACKSON INTERNATIONAL AIRPORT, GA US",8/9/21,0.05,80,88,73
USW00013874,"ATLANTA HARTSFIELD JACKSON INTERNATIONAL AIRPORT, GA US",8/10/21,0,81,91,74
USW00013874,"ATLANTA HARTSFIELD JACKSON INTERNATIONAL AIRPORT, GA US",8/11/21,0,78,88,73
USW00013874,"ATLANTA HARTSFIELD JACKSON INTERNATIONAL AIRPORT, GA US",8/12/21,0.44,80,91,72
USW00013874,"ATLANTA HARTSFIELD JACKSON INTERNATIONAL AIRPORT, GA US",8/13/21,0,81,92,72
USW00013874,"ATLANTA HARTSFIELD JACKSON INTERNATIONAL AIRPORT, GA US",8/14/21,0.04,83,94,73
USW00013874,"ATLANTA HARTSFIELD JACKSON INTERNATIONAL AIRPORT, GA US",8/15/21,0,78,87,72
USW00013874,"ATLANTA HARTSFIELD JACKSON INTERNATIONAL AIRPORT, GA US",8/16/21,0.75,77,84,72
USW00013874,"ATLANTA HARTSFIELD JACKSON INTERNATIONAL AIRPORT, GA US",8/17/21,2.86,74,79,72
USW00013874,"ATLANTA HARTSFIELD JACKSON INTERNATIONAL AIRPORT, GA US",8/18/21,0,79,92,70
USW00013874,"ATLANTA HARTSFIELD JACKSON INTERNATIONAL AIRPORT, GA US",8/19/21,0,81,91,74
USW00013874,"ATLANTA HARTSFIELD JACKSON INTERNATIONAL AIRPORT, GA US",8/20/21,0,78,89,72
USW00013874,"ATLANTA HARTSFIELD JACKSON INTERNATIONAL AIRPORT, GA US",8/21/21,0,79,85,74
USW00013874,"ATLANTA HARTSFIELD JACKSON INTERNATIONAL AIRPORT, GA US",8/22/21,0.62,79,87,74
USW00013874,"ATLANTA HARTSFIELD JACKSON INTERNATIONAL AIRPORT, GA US",8/23/21,0,81,92,74
USW00013874,"ATLANTA HARTSFIELD JACKSON INTERNATIONAL AIRPORT, GA US",8/24/21,0,85,93,77
USW00013874,"ATLANTA HARTSFIELD JACKSON INTERNATIONAL AIRPORT, GA US",8/25/21,0.26,85,92,73
USW00013874,"ATLANTA HARTSFIELD JACKSON INTERNATIONAL AIRPORT, GA US",8/26/21,0,78,89,72
USW00013874,"ATLANTA HARTSFIELD JACKSON INTERNATIONAL AIRPORT, GA US",8/27/21,0,82,90,74
USW00013874,"ATLANTA HARTSFIELD JACKSON INTERNATIONAL AIRPORT, GA US",8/28/21,0,79,87,75
USW00013874,"ATLANTA HARTSFIELD JACKSON INTERNATIONAL AIRPORT, GA US",8/29/21,0,81,89,76
USW00013874,"ATLANTA HARTSFIELD JACKSON INTERNATIONAL AIRPORT, GA US",8/30/21,0.15,80,86,73
USW00013874,"ATLANTA HARTSFIELD JACKSON INTERNATIONAL AIRPORT, GA US",8/31/21,0.34,75,79,72
USW00013874,"ATLANTA HARTSFIELD JACKSON INTERNATIONAL AIRPORT, GA US",9/1/21,0,76,86,71
USW00013874,"ATLANTA HARTSFIELD JACKSON INTERNATIONAL AIRPORT, GA US",9/2/21,0,77,86,70
USW00013874,"ATLANTA HARTSFIELD JACKSON INTERNATIONAL AIRPORT, GA US",9/3/21,0,75,82,66
USW00013874,"ATLANTA HARTSFIELD JACKSON INTERNATIONAL AIRPORT, GA US",9/4/21,0,73,84,64
USW00013874,"ATLANTA HARTSFIELD JACKSON INTERNATIONAL AIRPORT, GA US",9/5/21,0,74,86,61
USW00013874,"ATLANTA HARTSFIELD JACKSON INTERNATIONAL AIRPORT, GA US",9/6/21,0,77,85,72
USW00013874,"ATLANTA HARTSFIELD JACKSON INTERNATIONAL AIRPORT, GA US",9/7/21,0.17,76,85,71
USW00013874,"ATLANTA HARTSFIELD JACKSON INTERNATIONAL AIRPORT, GA US",9/8/21,0,76,84,71
USW00013874,"ATLANTA HARTSFIELD JACKSON INTERNATIONAL AIRPORT, GA US",9/9/21,0,76,84,66
USW00013874,"ATLANTA HARTSFIELD JACKSON INTERNATIONAL AIRPORT, GA US",9/10/21,0,72,83,61
USW00013874,"ATLANTA HARTSFIELD JACKSON INTERNATIONAL AIRPORT, GA US",9/11/21,0,74,84,65
USW00013874,"ATLANTA HARTSFIELD JACKSON INTERNATIONAL AIRPORT, GA US",9/12/21,0,74,85,65
USW00013874,"ATLANTA HARTSFIELD JACKSON INTERNATIONAL AIRPORT, GA US",9/13/21,0,78,88,68
USW00013874,"ATLANTA HARTSFIELD JACKSON INTERNATIONAL AIRPORT, GA US",9/14/21,0,79,87,71
USW00013874,"ATLANTA HARTSFIELD JACKSON INTERNATIONAL AIRPORT, GA US",9/15/21,0.44,75,79,69
USW00013874,"ATLANTA HARTSFIELD JACKSON INTERNATIONAL AIRPORT, GA US",9/16/21,0.46,71,77,69
USW00013874,"ATLANTA HARTSFIELD JACKSON INTERNATIONAL AIRPORT, GA US",9/17/21,0,73,77,71
USW00013874,"ATLANTA HARTSFIELD JACKSON INTERNATIONAL AIRPORT, GA US",9/18/21,0.07,77,84,73
USW00013874,"ATLANTA HARTSFIELD JACKSON INTERNATIONAL AIRPORT, GA US",9/19/21,0.96,76,81,72
USW00013874,"ATLANTA HARTSFIELD JACKSON INTERNATIONAL AIRPORT, GA US",9/20/21,0.94,73,74,71
USW00013874,"ATLANTA HARTSFIELD JACKSON INTERNATIONAL AIRPORT, GA US",9/21/21,0.45,75,85,71
USW00013874,"ATLANTA HARTSFIELD JACKSON INTERNATIONAL AIRPORT, GA US",9/22/21,0.11,72,77,59
USW00013874,"ATLANTA HARTSFIELD JACKSON INTERNATIONAL AIRPORT, GA US",9/23/21,0,63,73,53
USW00013874,"ATLANTA HARTSFIELD JACKSON INTERNATIONAL AIRPORT, GA US",9/24/21,0,64,76,53
USW00013874,"ATLANTA HARTSFIELD JACKSON INTERNATIONAL AIRPORT, GA US",9/25/21,0,67,78,57
USW00013874,"ATLANTA HARTSFIELD JACKSON INTERNATIONAL AIRPORT, GA US",9/26/21,0,69,81,57
USW00013874,"ATLANTA HARTSFIELD JACKSON INTERNATIONAL AIRPORT, GA US",9/27/21,0,71,83,60
USW00013874,"ATLANTA HARTSFIELD JACKSON INTERNATIONAL AIRPORT, GA US",9/28/21,0,73,84,63
USW00013874,"ATLANTA HARTSFIELD JACKSON INTERNATIONAL AIRPORT, GA US",9/29/21,0,74,85,65
USW00013874,"ATLANTA HARTSFIELD JACKSON INTERNATIONAL AIRPORT, GA US",9/30/21,0,74,83,65
USW00013874,"ATLANTA HARTSFIELD JACKSON INTERNATIONAL AIRPORT, GA US",10/1/21,0,75,85,66
USW00013874,"ATLANTA HARTSFIELD JACKSON INTERNATIONAL AIRPORT, GA US",10/2/21,0,74,81,69
USW00013874,"ATLANTA HARTSFIELD JACKSON INTERNATIONAL AIRPORT, GA US",10/3/21,0.51,72,78,68
USW00013874,"ATLANTA HARTSFIELD JACKSON INTERNATIONAL AIRPORT, GA US",10/4/21,0.3,70,78,68
USW00013874,"ATLANTA HARTSFIELD JACKSON INTERNATIONAL AIRPORT, GA US",10/5/21,1.66,68,71,66
USW00013874,"ATLANTA HARTSFIELD JACKSON INTERNATIONAL AIRPORT, GA US",10/6/21,0.19,71,76,69
USW00013874,"ATLANTA HARTSFIELD JACKSON INTERNATIONAL AIRPORT, GA US",10/7/21,0.33,72,78,70
USW00013874,"ATLANTA HARTSFIELD JACKSON INTERNATIONAL AIRPORT, GA US",10/8/21,0,74,83,69
USW00013874,"ATLANTA HARTSFIELD JACKSON INTERNATIONAL AIRPORT, GA US",10/9/21,0,73,83,66
USW00013874,"ATLANTA HARTSFIELD JACKSON INTERNATIONAL AIRPORT, GA US",10/10/21,0,72,82,63
USW00013874,"ATLANTA HARTSFIELD JACKSON INTERNATIONAL AIRPORT, GA US",10/11/21,0,71,79,64
USW00013874,"ATLANTA HARTSFIELD JACKSON INTERNATIONAL AIRPORT, GA US",10/12/21,0,70,79,65
USW00013874,"ATLANTA HARTSFIELD JACKSON INTERNATIONAL AIRPORT, GA US",10/13/21,0,72,83,63
USW00013874,"ATLANTA HARTSFIELD JACKSON INTERNATIONAL AIRPORT, GA US",10/14/21,0,73,83,65
USW00013874,"ATLANTA HARTSFIELD JACKSON INTERNATIONAL AIRPORT, GA US",10/15/21,0,73,85,64
USW00013874,"ATLANTA HARTSFIELD JACKSON INTERNATIONAL AIRPORT, GA US",10/16/21,0,69,71,53
USW00013874,"ATLANTA HARTSFIELD JACKSON INTERNATIONAL AIRPORT, GA US",10/17/21,0,57,68,47
USW00013874,"ATLANTA HARTSFIELD JACKSON INTERNATIONAL AIRPORT, GA US",10/18/21,0,59,73,49
USW00013874,"ATLANTA HARTSFIELD JACKSON INTERNATIONAL AIRPORT, GA US",10/19/21,0,61,76,50
USW00013874,"ATLANTA HARTSFIELD JACKSON INTERNATIONAL AIRPORT, GA US",10/20/21,0,64,77,53
USW00013874,"ATLANTA HARTSFIELD JACKSON INTERNATIONAL AIRPORT, GA US",10/21/21,0.02,67,77,59
USW00013874,"ATLANTA HARTSFIELD JACKSON INTERNATIONAL AIRPORT, GA US",10/22/21,0.18,67,75,57
USW00013874,"ATLANTA HARTSFIELD JACKSON INTERNATIONAL AIRPORT, GA US",10/23/21,0,61,75,50
USW00013874,"ATLANTA HARTSFIELD JACKSON INTERNATIONAL AIRPORT, GA US",10/24/21,0,63,78,52
USW00013874,"ATLANTA HARTSFIELD JACKSON INTERNATIONAL AIRPORT, GA US",10/25/21,0,68,80,59
USW00013874,"ATLANTA HARTSFIELD JACKSON INTERNATIONAL AIRPORT, GA US",10/26/21,0,61,67,51
USW00013874,"ATLANTA HARTSFIELD JACKSON INTERNATIONAL AIRPORT, GA US",10/27/21,0,57,73,46
USW00013874,"ATLANTA HARTSFIELD JACKSON INTERNATIONAL AIRPORT, GA US",10/28/21,0.24,58,61,55
USW00013874,"ATLANTA HARTSFIELD JACKSON INTERNATIONAL AIRPORT, GA US",10/29/21,0.05,55,58,51
USW00013874,"ATLANTA HARTSFIELD JACKSON INTERNATIONAL AIRPORT, GA US",10/30/21,0.04,53,58,52
USW00013874,"ATLANTA HARTSFIELD JACKSON INTERNATIONAL AIRPORT, GA US",10/31/21,0,56,63,51
USW00013874,"ATLANTA HARTSFIELD JACKSON INTERNATIONAL AIRPORT, GA US",11/1/21,0,57,71,46
USW00013874,"ATLANTA HARTSFIELD JACKSON INTERNATIONAL AIRPORT, GA US",11/2/21,0,58,70,48
USW00013874,"ATLANTA HARTSFIELD JACKSON INTERNATIONAL AIRPORT, GA US",11/3/21,0,52,60,43
USW00013874,"ATLANTA HARTSFIELD JACKSON INTERNATIONAL AIRPORT, GA US",11/4/21,0.09,49,50,46
USW00013874,"ATLANTA HARTSFIELD JACKSON INTERNATIONAL AIRPORT, GA US",11/5/21,0,47,55,43
USW00013874,"ATLANTA HARTSFIELD JACKSON INTERNATIONAL AIRPORT, GA US",11/6/21,0,50,59,44
USW00013874,"ATLANTA HARTSFIELD JACKSON INTERNATIONAL AIRPORT, GA US",11/7/21,0,51,67,39
USW00013874,"ATLANTA HARTSFIELD JACKSON INTERNATIONAL AIRPORT, GA US",11/8/21,0,57,74,42
USW00013874,"ATLANTA HARTSFIELD JACKSON INTERNATIONAL AIRPORT, GA US",11/9/21,0,60,78,45
USW00013874,"ATLANTA HARTSFIELD JACKSON INTERNATIONAL AIRPORT, GA US",11/10/21,0,62,76,50
USW00013874,"ATLANTA HARTSFIELD JACKSON INTERNATIONAL AIRPORT, GA US",11/11/21,0.7,62,74,54
USW00013874,"ATLANTA HARTSFIELD JACKSON INTERNATIONAL AIRPORT, GA US",11/12/21,0,59,68,48
USW00013874,"ATLANTA HARTSFIELD JACKSON INTERNATIONAL AIRPORT, GA US",11/13/21,0,51,56,38
USW00013874,"ATLANTA HARTSFIELD JACKSON INTERNATIONAL AIRPORT, GA US",11/14/21,0,45,60,35
USW00013874,"ATLANTA HARTSFIELD JACKSON INTERNATIONAL AIRPORT, GA US",11/15/21,0,51,62,41
USW00013874,"ATLANTA HARTSFIELD JACKSON INTERNATIONAL AIRPORT, GA US",11/16/21,0,56,73,45
USW00013874,"ATLANTA HARTSFIELD JACKSON INTERNATIONAL AIRPORT, GA US",11/17/21,0,60,74,48
USW00013874,"ATLANTA HARTSFIELD JACKSON INTERNATIONAL AIRPORT, GA US",11/18/21,0,62,75,46
USW00013874,"ATLANTA HARTSFIELD JACKSON INTERNATIONAL AIRPORT, GA US",11/19/21,0,50,63,37
USW00013874,"ATLANTA HARTSFIELD JACKSON INTERNATIONAL AIRPORT, GA US",11/20/21,0,48,58,37
USW00013874,"ATLANTA HARTSFIELD JACKSON INTERNATIONAL AIRPORT, GA US",11/21/21,0,52,65,44
USW00013874,"ATLANTA HARTSFIELD JACKSON INTERNATIONAL AIRPORT, GA US",11/22/21,0.36,57,61,40
USW00013874,"ATLANTA HARTSFIELD JACKSON INTERNATIONAL AIRPORT, GA US",11/23/21,0,43,54,32
USW00013874,"ATLANTA HARTSFIELD JACKSON INTERNATIONAL AIRPORT, GA US",11/24/21,0,44,59,33
USW00013874,"ATLANTA HARTSFIELD JACKSON INTERNATIONAL AIRPORT, GA US",11/25/21,0.16,49,67,36
USW00013874,"ATLANTA HARTSFIELD JACKSON INTERNATIONAL AIRPORT, GA US",11/26/21,0.01,51,56,38
USW00013874,"ATLANTA HARTSFIELD JACKSON INTERNATIONAL AIRPORT, GA US",11/27/21,0,45,63,35
USW00013874,"ATLANTA HARTSFIELD JACKSON INTERNATIONAL AIRPORT, GA US",11/28/21,0,49,57,41
USW00013874,"ATLANTA HARTSFIELD JACKSON INTERNATIONAL AIRPORT, GA US",11/29/21,0,46,55,37
USW00013874,"ATLANTA HARTSFIELD JACKSON INTERNATIONAL AIRPORT, GA US",11/30/21,0,48,66,35
USW00013874,"ATLANTA HARTSFIELD JACKSON INTERNATIONAL AIRPORT, GA US",12/1/21,0,55,69,45
USW00013874,"ATLANTA HARTSFIELD JACKSON INTERNATIONAL AIRPORT, GA US",12/2/21,0,59,74,49
USW00013874,"ATLANTA HARTSFIELD JACKSON INTERNATIONAL AIRPORT, GA US",12/3/21,0,61,77,50
USW00013874,"ATLANTA HARTSFIELD JACKSON INTERNATIONAL AIRPORT, GA US",12/4/21,0,60,70,52
USW00013874,"ATLANTA HARTSFIELD JACKSON INTERNATIONAL AIRPORT, GA US",12/5/21,0,59,65,54
USW00013874,"ATLANTA HARTSFIELD JACKSON INTERNATIONAL AIRPORT, GA US",12/6/21,0.37,59,64,45
USW00013874,"ATLANTA HARTSFIELD JACKSON INTERNATIONAL AIRPORT, GA US",12/7/21,0,46,52,36
USW00013874,"ATLANTA HARTSFIELD JACKSON INTERNATIONAL AIRPORT, GA US",12/8/21,0.65,48,54,42
USW00013874,"ATLANTA HARTSFIELD JACKSON INTERNATIONAL AIRPORT, GA US",12/9/21,0.01,46,55,39
USW00013874,"ATLANTA HARTSFIELD JACKSON INTERNATIONAL AIRPORT, GA US",12/10/21,0.43,50,57,47
USW00013874,"ATLANTA HARTSFIELD JACKSON INTERNATIONAL AIRPORT, GA US",12/11/21,0.46,62,75,49
USW00013874,"ATLANTA HARTSFIELD JACKSON INTERNATIONAL AIRPORT, GA US",12/12/21,0,49,58,36
USW00013874,"ATLANTA HARTSFIELD JACKSON INTERNATIONAL AIRPORT, GA US",12/13/21,0,48,62,38
USW00013874,"ATLANTA HARTSFIELD JACKSON INTERNATIONAL AIRPORT, GA US",12/14/21,0,50,69,37
USW00013874,"ATLANTA HARTSFIELD JACKSON INTERNATIONAL AIRPORT, GA US",12/15/21,0,51,60,41
USW00013874,"ATLANTA HARTSFIELD JACKSON INTERNATIONAL AIRPORT, GA US",12/16/21,0,56,67,51
USW00013874,"ATLANTA HARTSFIELD JACKSON INTERNATIONAL AIRPORT, GA US",12/17/21,0,60,67,56
USW00013874,"ATLANTA HARTSFIELD JACKSON INTERNATIONAL AIRPORT, GA US",12/18/21,0.8,64,68,62
USW00013874,"ATLANTA HARTSFIELD JACKSON INTERNATIONAL AIRPORT, GA US",12/19/21,0.05,57,63,40
USW00013874,"ATLANTA HARTSFIELD JACKSON INTERNATIONAL AIRPORT, GA US",12/20/21,0,42,46,40
USW00013874,"ATLANTA HARTSFIELD JACKSON INTERNATIONAL AIRPORT, GA US",12/21/21,0.17,41,43,40
USW00013874,"ATLANTA HARTSFIELD JACKSON INTERNATIONAL AIRPORT, GA US",12/22/21,0,45,55,39
USW00013874,"ATLANTA HARTSFIELD JACKSON INTERNATIONAL AIRPORT, GA US",12/23/21,0,45,61,34
USW00013874,"ATLANTA HARTSFIELD JACKSON INTERNATIONAL AIRPORT, GA US",12/24/21,0,50,66,37
USW00013874,"ATLANTA HARTSFIELD JACKSON INTERNATIONAL AIRPORT, GA US",12/25/21,0,60,69,53
USW00013874,"ATLANTA HARTSFIELD JACKSON INTERNATIONAL AIRPORT, GA US",12/26/21,0,66,75,58
USW00013874,"ATLANTA HARTSFIELD JACKSON INTERNATIONAL AIRPORT, GA US",12/27/21,0,64,70,59
USW00013874,"ATLANTA HARTSFIELD JACKSON INTERNATIONAL AIRPORT, GA US",12/28/21,0,67,75,62
USW00013874,"ATLANTA HARTSFIELD JACKSON INTERNATIONAL AIRPORT, GA US",12/29/21,0.28,68,74,65
USW00013874,"ATLANTA HARTSFIELD JACKSON INTERNATIONAL AIRPORT, GA US",12/30/21,2.85,66,70,61
USW00013874,"ATLANTA HARTSFIELD JACKSON INTERNATIONAL AIRPORT, GA US",12/31/21,0.01,63,71,57
USW00013874,"ATLANTA HARTSFIELD JACKSON INTERNATIONAL AIRPORT, GA US",1/1/22,0.06,71,78,68
USW00013874,"ATLANTA HARTSFIELD JACKSON INTERNATIONAL AIRPORT, GA US",1/2/22,1.33,67,73,51
USW00013874,"ATLANTA HARTSFIELD JACKSON INTERNATIONAL AIRPORT, GA US",1/3/22,0.18,43,51,31
USW00013874,"ATLANTA HARTSFIELD JACKSON INTERNATIONAL AIRPORT, GA US",1/4/22,0,38,51,30
USW00013874,"ATLANTA HARTSFIELD JACKSON INTERNATIONAL AIRPORT, GA US",1/5/22,0,48,59,42
USW00013874,"ATLANTA HARTSFIELD JACKSON INTERNATIONAL AIRPORT, GA US",1/6/22,0.05,49,63,37
USW00013874,"ATLANTA HARTSFIELD JACKSON INTERNATIONAL AIRPORT, GA US",1/7/22,0,36,41,28
USW00013874,"ATLANTA HARTSFIELD JACKSON INTERNATIONAL AIRPORT, GA US",1/8/22,0,37,52,30
USW00013874,"ATLANTA HARTSFIELD JACKSON INTERNATIONAL AIRPORT, GA US",1/9/22,0.49,48,65,43
USW00013874,"ATLANTA HARTSFIELD JACKSON INTERNATIONAL AIRPORT, GA US",1/10/22,0,47,53,35
USW00013874,"ATLANTA HARTSFIELD JACKSON INTERNATIONAL AIRPORT, GA US",1/11/22,0,40,51,30
USW00013874,"ATLANTA HARTSFIELD JACKSON INTERNATIONAL AIRPORT, GA US",1/12/22,0,42,56,32
USW00013874,"ATLANTA HARTSFIELD JACKSON INTERNATIONAL AIRPORT, GA US",1/13/22,0,47,62,38
USW00013874,"ATLANTA HARTSFIELD JACKSON INTERNATIONAL AIRPORT, GA US",1/14/22,0,47,56,39
USW00013874,"ATLANTA HARTSFIELD JACKSON INTERNATIONAL AIRPORT, GA US",1/15/22,0.17,44,47,40
USW00013874,"ATLANTA HARTSFIELD JACKSON INTERNATIONAL AIRPORT, GA US",1/16/22,0.75,38,40,34
USW00013874,"ATLANTA HARTSFIELD JACKSON INTERNATIONAL AIRPORT, GA US",1/17/22,0,36,37,33
USW00013874,"ATLANTA HARTSFIELD JACKSON INTERNATIONAL AIRPORT, GA US",1/18/22,0,39,56,30
USW00013874,"ATLANTA HARTSFIELD JACKSON INTERNATIONAL AIRPORT, GA US",1/19/22,0,47,62,35
USW00013874,"ATLANTA HARTSFIELD JACKSON INTERNATIONAL AIRPORT, GA US",1/20/22,0.31,49,53,32
USW00013874,"ATLANTA HARTSFIELD JACKSON INTERNATIONAL AIRPORT, GA US",1/21/22,0.01,34,38,31
USW00013874,"ATLANTA HARTSFIELD JACKSON INTERNATIONAL AIRPORT, GA US",1/22/22,0,36,45,30
USW00013874,"ATLANTA HARTSFIELD JACKSON INTERNATIONAL AIRPORT, GA US",1/23/22,0,36,54,26
USW00013874,"ATLANTA HARTSFIELD JACKSON INTERNATIONAL AIRPORT, GA US",1/24/22,0,44,60,33
USW00013874,"ATLANTA HARTSFIELD JACKSON INTERNATIONAL AIRPORT, GA US",1/25/22,0,52,60,43
USW00013874,"ATLANTA HARTSFIELD JACKSON INTERNATIONAL AIRPORT, GA US",1/26/22,0,42,52,30
USW00013874,"ATLANTA HARTSFIELD JACKSON INTERNATIONAL AIRPORT, GA US",1/27/22,0,40,54,33
USW00013874,"ATLANTA HARTSFIELD JACKSON INTERNATIONAL AIRPORT, GA US",1/28/22,0.02,43,52,31
USW00013874,"ATLANTA HARTSFIELD JACKSON INTERNATIONAL AIRPORT, GA US",1/29/22,0,32,38,26
USW00013874,"ATLANTA HARTSFIELD JACKSON INTERNATIONAL AIRPORT, GA US",1/30/22,0,37,58,26
USW00013874,"ATLANTA HARTSFIELD JACKSON INTERNATIONAL AIRPORT, GA US",1/31/22,0,47,59,36
USW00013874,"ATLANTA HARTSFIELD JACKSON INTERNATIONAL AIRPORT, GA US",2/1/22,0,47,60,34
USW00013874,"ATLANTA HARTSFIELD JACKSON INTERNATIONAL AIRPORT, GA US",2/2/22,0.08,50,58,44
USW00013874,"ATLANTA HARTSFIELD JACKSON INTERNATIONAL AIRPORT, GA US",2/3/22,1.21,54,67,46
USW00013874,"ATLANTA HARTSFIELD JACKSON INTERNATIONAL AIRPORT, GA US",2/4/22,1.21,56,65,34
USW00013874,"ATLANTA HARTSFIELD JACKSON INTERNATIONAL AIRPORT, GA US",2/5/22,0,36,46,29
USW00013874,"ATLANTA HARTSFIELD JACKSON INTERNATIONAL AIRPORT, GA US",2/6/22,0,39,51,31
USW00013874,"ATLANTA HARTSFIELD JACKSON INTERNATIONAL AIRPORT, GA US",2/7/22,0,46,50,42
USW00013874,"ATLANTA HARTSFIELD JACKSON INTERNATIONAL AIRPORT, GA US",2/8/22,0,45,55,35
USW00013874,"ATLANTA HARTSFIELD JACKSON INTERNATIONAL AIRPORT, GA US",2/9/22,0,47,62,33
USW00013874,"ATLANTA HARTSFIELD JACKSON INTERNATIONAL AIRPORT, GA US",2/10/22,0,53,68,40
USW00013874,"ATLANTA HARTSFIELD JACKSON INTERNATIONAL AIRPORT, GA US",2/11/22,0,55,67,43
USW00013874,"ATLANTA HARTSFIELD JACKSON INTERNATIONAL AIRPORT, GA US",2/12/22,0,57,70,47
USW00013874,"ATLANTA HARTSFIELD JACKSON INTERNATIONAL AIRPORT, GA US",2/13/22,0,46,48,35
USW00013874,"ATLANTA HARTSFIELD JACKSON INTERNATIONAL AIRPORT, GA US",2/14/22,0,41,58,30
USW00013874,"ATLANTA HARTSFIELD JACKSON INTERNATIONAL AIRPORT, GA US",2/15/22,0,48,63,37
USW00013874,"ATLANTA HARTSFIELD JACKSON INTERNATIONAL AIRPORT, GA US",2/16/22,0,54,71,43
USW00013874,"ATLANTA HARTSFIELD JACKSON INTERNATIONAL AIRPORT, GA US",2/17/22,0.94,62,71,56
USW00013874,"ATLANTA HARTSFIELD JACKSON INTERNATIONAL AIRPORT, GA US",2/18/22,0.25,53,63,33
USW00013874,"ATLANTA HARTSFIELD JACKSON INTERNATIONAL AIRPORT, GA US",2/19/22,0,40,57,30
USW00013874,"ATLANTA HARTSFIELD JACKSON INTERNATIONAL AIRPORT, GA US",2/20/22,0,47,61,34
USW00013874,"ATLANTA HARTSFIELD JACKSON INTERNATIONAL AIRPORT, GA US",2/21/22,0.91,51,58,43
USW00013874,"ATLANTA HARTSFIELD JACKSON INTERNATIONAL AIRPORT, GA US",2/22/22,0.06,60,72,54
USW00013874,"ATLANTA HARTSFIELD JACKSON INTERNATIONAL AIRPORT, GA US",2/23/22,0.16,67,75,63
USW00013874,"ATLANTA HARTSFIELD JACKSON INTERNATIONAL AIRPORT, GA US",2/24/22,0,68,78,62
USW00013874,"ATLANTA HARTSFIELD JACKSON INTERNATIONAL AIRPORT, GA US",2/25/22,0.06,63,65,46
USW00013874,"ATLANTA HARTSFIELD JACKSON INTERNATIONAL AIRPORT, GA US",2/26/22,0,49,64,38
USW00013874,"ATLANTA HARTSFIELD JACKSON INTERNATIONAL AIRPORT, GA US",2/27/22,0.41,51,53,46
USW00013874,"ATLANTA HARTSFIELD JACKSON INTERNATIONAL AIRPORT, GA US",2/28/22,0,51,64,45
USW00013874,"ATLANTA HARTSFIELD JACKSON INTERNATIONAL AIRPORT, GA US",3/1/22,0,54,69,42
USW00013874,"ATLANTA HARTSFIELD JACKSON INTERNATIONAL AIRPORT, GA US",3/2/22,0,60,78,47
USW00013874,"ATLANTA HARTSFIELD JACKSON INTERNATIONAL AIRPORT, GA US",3/3/22,0,65,80,51
USW00013874,"ATLANTA HARTSFIELD JACKSON INTERNATIONAL AIRPORT, GA US",3/4/22,0,65,77,53
USW00013874,"ATLANTA HARTSFIELD JACKSON INTERNATIONAL AIRPORT, GA US",3/5/22,0,63,78,51
USW00013874,"ATLANTA HARTSFIELD JACKSON INTERNATIONAL AIRPORT, GA US",3/6/22,0,68,80,58
USW00013874,"ATLANTA HARTSFIELD JACKSON INTERNATIONAL AIRPORT, GA US",3/7/22,0.15,67,75,55
USW00013874,"ATLANTA HARTSFIELD JACKSON INTERNATIONAL AIRPORT, GA US",3/8/22,1.16,52,55,46
USW00013874,"ATLANTA HARTSFIELD JACKSON INTERNATIONAL AIRPORT, GA US",3/9/22,0.45,54,57,49
USW00013874,"ATLANTA HARTSFIELD JACKSON INTERNATIONAL AIRPORT, GA US",3/10/22,0,54,68,46
USW00013874,"ATLANTA HARTSFIELD JACKSON INTERNATIONAL AIRPORT, GA US",3/11/22,0,52,59,48
USW00013874,"ATLANTA HARTSFIELD JACKSON INTERNATIONAL AIRPORT, GA US",3/12/22,1.07,42,54,28
USW00013874,"ATLANTA HARTSFIELD JACKSON INTERNATIONAL AIRPORT, GA US",3/13/22,0,36,55,25
USW00013874,"ATLANTA HARTSFIELD JACKSON INTERNATIONAL AIRPORT, GA US",3/14/22,0,50,66,37
USW00013874,"ATLANTA HARTSFIELD JACKSON INTERNATIONAL AIRPORT, GA US",3/15/22,0.32,57,68,48
USW00013874,"ATLANTA HARTSFIELD JACKSON INTERNATIONAL AIRPORT, GA US",3/16/22,0.97,58,65,53
USW00013874,"ATLANTA HARTSFIELD JACKSON INTERNATIONAL AIRPORT, GA US",3/17/22,0,58,74,49
USW00013874,"ATLANTA HARTSFIELD JACKSON INTERNATIONAL AIRPORT, GA US",3/18/22,0.77,58,60,53
USW00013874,"ATLANTA HARTSFIELD JACKSON INTERNATIONAL AIRPORT, GA US",3/19/22,0,61,67,48
USW00013874,"ATLANTA HARTSFIELD JACKSON INTERNATIONAL AIRPORT, GA US",3/20/22,0,55,69,41
USW00013874,"ATLANTA HARTSFIELD JACKSON INTERNATIONAL AIRPORT, GA US",3/21/22,0,59,73,44
USW00013874,"ATLANTA HARTSFIELD JACKSON INTERNATIONAL AIRPORT, GA US",3/22/22,0,63,76,51
USW00013874,"ATLANTA HARTSFIELD JACKSON INTERNATIONAL AIRPORT, GA US",3/23/22,0.52,69,77,58
USW00013874,"ATLANTA HARTSFIELD JACKSON INTERNATIONAL AIRPORT, GA US",3/24/22,0,59,68,46
USW00013874,"ATLANTA HARTSFIELD JACKSON INTERNATIONAL AIRPORT, GA US",3/25/22,0,55,63,47
USW00013874,"ATLANTA HARTSFIELD JACKSON INTERNATIONAL AIRPORT, GA US",3/26/22,0,54,65,46
USW00013874,"ATLANTA HARTSFIELD JACKSON INTERNATIONAL AIRPORT, GA US",3/27/22,0,54,65,43
USW00013874,"ATLANTA HARTSFIELD JACKSON INTERNATIONAL AIRPORT, GA US",3/28/22,0,54,67,42
USW00013874,"ATLANTA HARTSFIELD JACKSON INTERNATIONAL AIRPORT, GA US",3/29/22,0,61,75,51
USW00013874,"ATLANTA HARTSFIELD JACKSON INTERNATIONAL AIRPORT, GA US",3/30/22,0,67,83,55
USW00013874,"ATLANTA HARTSFIELD JACKSON INTERNATIONAL AIRPORT, GA US",3/31/22,0.65,69,73,53
USW00013874,"ATLANTA HARTSFIELD JACKSON INTERNATIONAL AIRPORT, GA US",4/1/22,0,57,67,48
USW00013874,"ATLANTA HARTSFIELD JACKSON INTERNATIONAL AIRPORT, GA US",4/2/22,0,57,69,48
USW00013874,"ATLANTA HARTSFIELD JACKSON INTERNATIONAL AIRPORT, GA US",4/3/22,0,59,70,48
USW00013874,"ATLANTA HARTSFIELD JACKSON INTERNATIONAL AIRPORT, GA US",4/4/22,0,60,76,48
USW00013874,"ATLANTA HARTSFIELD JACKSON INTERNATIONAL AIRPORT, GA US",4/5/22,2.18,60,66,54
USW00013874,"ATLANTA HARTSFIELD JACKSON INTERNATIONAL AIRPORT, GA US",4/6/22,0.89,64,73,61
USW00013874,"ATLANTA HARTSFIELD JACKSON INTERNATIONAL AIRPORT, GA US",4/7/22,0.02,63,70,51
USW00013874,"ATLANTA HARTSFIELD JACKSON INTERNATIONAL AIRPORT, GA US",4/8/22,0,53,59,45
USW00013874,"ATLANTA HARTSFIELD JACKSON INTERNATIONAL AIRPORT, GA US",4/9/22,0.01,46,57,41
USW00013874,"ATLANTA HARTSFIELD JACKSON INTERNATIONAL AIRPORT, GA US",4/10/22,0,54,74,38
USW00013874,"ATLANTA HARTSFIELD JACKSON INTERNATIONAL AIRPORT, GA US",4/11/22,0,61,71,50
USW00013874,"ATLANTA HARTSFIELD JACKSON INTERNATIONAL AIRPORT, GA US",4/12/22,0,68,82,57
USW00013874,"ATLANTA HARTSFIELD JACKSON INTERNATIONAL AIRPORT, GA US",4/13/22,0,70,77,64
USW00013874,"ATLANTA HARTSFIELD JACKSON INTERNATIONAL AIRPORT, GA US",4/14/22,0.12,69,77,56
USW00013874,"ATLANTA HARTSFIELD JACKSON INTERNATIONAL AIRPORT, GA US",4/15/22,0,64,77,48
USW00013874,"ATLANTA HARTSFIELD JACKSON INTERNATIONAL AIRPORT, GA US",4/16/22,1.05,66,73,59
USW00013874,"ATLANTA HARTSFIELD JACKSON INTERNATIONAL AIRPORT, GA US",4/17/22,0,67,73,60
USW00013874,"ATLANTA HARTSFIELD JACKSON INTERNATIONAL AIRPORT, GA US",4/18/22,0.01,66,73,49
USW00013874,"ATLANTA HARTSFIELD JACKSON INTERNATIONAL AIRPORT, GA US",4/19/22,0,53,64,42
USW00013874,"ATLANTA HARTSFIELD JACKSON INTERNATIONAL AIRPORT, GA US",4/20/22,0,58,72,45
USW00013874,"ATLANTA HARTSFIELD JACKSON INTERNATIONAL AIRPORT, GA US",4/21/22,0,65,76,55
USW00013874,"ATLANTA HARTSFIELD JACKSON INTERNATIONAL AIRPORT, GA US",4/22/22,0,69,82,58
USW00013874,"ATLANTA HARTSFIELD JACKSON INTERNATIONAL AIRPORT, GA US",4/23/22,0,71,81,60
USW00013874,"ATLANTA HARTSFIELD JACKSON INTERNATIONAL AIRPORT, GA US",4/24/22,0,70,80,60
USW00013874,"ATLANTA HARTSFIELD JACKSON INTERNATIONAL AIRPORT, GA US",4/25/22,0,72,84,62
USW00013874,"ATLANTA HARTSFIELD JACKSON INTERNATIONAL AIRPORT, GA US",4/26/22,0.09,68,72,56
USW00013874,"ATLANTA HARTSFIELD JACKSON INTERNATIONAL AIRPORT, GA US",4/27/22,0,62,77,47
USW00013874,"ATLANTA HARTSFIELD JACKSON INTERNATIONAL AIRPORT, GA US",4/28/22,0,65,78,53
USW00013874,"ATLANTA HARTSFIELD JACKSON INTERNATIONAL AIRPORT, GA US",4/29/22,0,68,80,57
USW00013874,"ATLANTA HARTSFIELD JACKSON INTERNATIONAL AIRPORT, GA US",4/30/22,0,70,81,59
USW00013874,"ATLANTA HARTSFIELD JACKSON INTERNATIONAL AIRPORT, GA US",5/1/22,0,72,81,65
USW00013874,"ATLANTA HARTSFIELD JACKSON INTERNATIONAL AIRPORT, GA US",5/2/22,0,75,86,65
USW00013874,"ATLANTA HARTSFIELD JACKSON INTERNATIONAL AIRPORT, GA US",5/3/22,0,76,86,66
USW00013874,"ATLANTA HARTSFIELD JACKSON INTERNATIONAL AIRPORT, GA US",5/4/22,0.41,74,87,64
USW00013874,"ATLANTA HARTSFIELD JACKSON INTERNATIONAL AIRPORT, GA US",5/5/22,0,77,87,67
USW00013874,"ATLANTA HARTSFIELD JACKSON INTERNATIONAL AIRPORT, GA US",5/6/22,0.15,75,80,67
USW00013874,"ATLANTA HARTSFIELD JACKSON INTERNATIONAL AIRPORT, GA US",5/7/22,0,65,69,60
USW00013874,"ATLANTA HARTSFIELD JACKSON INTERNATIONAL AIRPORT, GA US",5/8/22,0,61,69,54
USW00013874,"ATLANTA HARTSFIELD JACKSON INTERNATIONAL AIRPORT, GA US",5/9/22,0,62,73,53
USW00013874,"ATLANTA HARTSFIELD JACKSON INTERNATIONAL AIRPORT, GA US",5/10/22,0,67,82,57
USW00013874,"ATLANTA HARTSFIELD JACKSON INTERNATIONAL AIRPORT, GA US",5/11/22,0,72,84,60
USW00013874,"ATLANTA HARTSFIELD JACKSON INTERNATIONAL AIRPORT, GA US",5/12/22,0,75,85,64
USW00013874,"ATLANTA HARTSFIELD JACKSON INTERNATIONAL AIRPORT, GA US",5/13/22,0,72,79,65
USW00013874,"ATLANTA HARTSFIELD JACKSON INTERNATIONAL AIRPORT, GA US",5/14/22,0,72,82,63
USW00013874,"ATLANTA HARTSFIELD JACKSON INTERNATIONAL AIRPORT, GA US",5/15/22,0,74,86,66
USW00013874,"ATLANTA HARTSFIELD JACKSON INTERNATIONAL AIRPORT, GA US",5/16/22,0,75,87,66
USW00013874,"ATLANTA HARTSFIELD JACKSON INTERNATIONAL AIRPORT, GA US",5/17/22,0,74,85,60
USW00013874,"ATLANTA HARTSFIELD JACKSON INTERNATIONAL AIRPORT, GA US",5/18/22,0,76,88,63
USW00013874,"ATLANTA HARTSFIELD JACKSON INTERNATIONAL AIRPORT, GA US",5/19/22,0,80,90,70
USW00013874,"ATLANTA HARTSFIELD JACKSON INTERNATIONAL AIRPORT, GA US",5/20/22,0,79,88,69
USW00013874,"ATLANTA HARTSFIELD JACKSON INTERNATIONAL AIRPORT, GA US",5/21/22,0,79,89,71
USW00013874,"ATLANTA HARTSFIELD JACKSON INTERNATIONAL AIRPORT, GA US",5/22/22,0.02,78,88,70
USW00013874,"ATLANTA HARTSFIELD JACKSON INTERNATIONAL AIRPORT, GA US",5/23/22,1.47,73,78,68
USW00013874,"ATLANTA HARTSFIELD JACKSON INTERNATIONAL AIRPORT, GA US",5/24/22,0,74,84,68
USW00013874,"ATLANTA HARTSFIELD JACKSON INTERNATIONAL AIRPORT, GA US",5/25/22,0.2,72,80,68
USW00013874,"ATLANTA HARTSFIELD JACKSON INTERNATIONAL AIRPORT, GA US",5/26/22,0.18,72,76,69
USW00013874,"ATLANTA HARTSFIELD JACKSON INTERNATIONAL AIRPORT, GA US",5/27/22,0,72,82,66
USW00013874,"ATLANTA HARTSFIELD JACKSON INTERNATIONAL AIRPORT, GA US",5/28/22,0,71,81,60
USW00013874,"ATLANTA HARTSFIELD JACKSON INTERNATIONAL AIRPORT, GA US",5/29/22,0,76,86,68
USW00013874,"ATLANTA HARTSFIELD JACKSON INTERNATIONAL AIRPORT, GA US",5/30/22,0,78,89,68
USW00013874,"ATLANTA HARTSFIELD JACKSON INTERNATIONAL AIRPORT, GA US",5/31/22,0,75,87,67
USW00013874,"ATLANTA HARTSFIELD JACKSON INTERNATIONAL AIRPORT, GA US",6/1/22,0,80,92,70
USW00013874,"ATLANTA HARTSFIELD JACKSON INTERNATIONAL AIRPORT, GA US",6/2/22,0,82,92,73
USW00013874,"ATLANTA HARTSFIELD JACKSON INTERNATIONAL AIRPORT, GA US",6/3/22,0,77,86,68
USW00013874,"ATLANTA HARTSFIELD JACKSON INTERNATIONAL AIRPORT, GA US",6/4/22,0,77,85,70
USW00013874,"ATLANTA HARTSFIELD JACKSON INTERNATIONAL AIRPORT, GA US",6/5/22,0,76,86,68
USW00013874,"ATLANTA HARTSFIELD JACKSON INTERNATIONAL AIRPORT, GA US",6/6/22,1.19,75,86,68
USW00013874,"ATLANTA HARTSFIELD JACKSON INTERNATIONAL AIRPORT, GA US",6/7/22,0.66,75,84,69
USW00013874,"ATLANTA HARTSFIELD JACKSON INTERNATIONAL AIRPORT, GA US",6/8/22,0.49,76,85,69
USW00013874,"ATLANTA HARTSFIELD JACKSON INTERNATIONAL AIRPORT, GA US",6/9/22,0,76,85,68
USW00013874,"ATLANTA HARTSFIELD JACKSON INTERNATIONAL AIRPORT, GA US",6/10/22,0,74,84,64
USW00013874,"ATLANTA HARTSFIELD JACKSON INTERNATIONAL AIRPORT, GA US",6/11/22,0,78,88,70
USW00013874,"ATLANTA HARTSFIELD JACKSON INTERNATIONAL AIRPORT, GA US",6/12/22,0,82,92,73
USW00013874,"ATLANTA HARTSFIELD JACKSON INTERNATIONAL AIRPORT, GA US",6/13/22,0,85,95,74
USW00013874,"ATLANTA HARTSFIELD JACKSON INTERNATIONAL AIRPORT, GA US",6/14/22,0,87,95,79
USW00013874,"ATLANTA HARTSFIELD JACKSON INTERNATIONAL AIRPORT, GA US",6/15/22,0.24,85,99,75
USW00013874,"ATLANTA HARTSFIELD JACKSON INTERNATIONAL AIRPORT, GA US",6/16/22,0,85,97,76
USW00013874,"ATLANTA HARTSFIELD JACKSON INTERNATIONAL AIRPORT, GA US",6/17/22,0,87,96,77
USW00013874,"ATLANTA HARTSFIELD JACKSON INTERNATIONAL AIRPORT, GA US",6/18/22,0,82,93,72
USW00013874,"ATLANTA HARTSFIELD JACKSON INTERNATIONAL AIRPORT, GA US",6/19/22,0,79,89,68
USW00013874,"ATLANTA HARTSFIELD JACKSON INTERNATIONAL AIRPORT, GA US",6/20/22,0,80,92,67
USW00013874,"ATLANTA HARTSFIELD JACKSON INTERNATIONAL AIRPORT, GA US",6/21/22,0,83,95,70
USW00013874,"ATLANTA HARTSFIELD JACKSON INTERNATIONAL AIRPORT, GA US",6/22/22,0,85,98,72
USW00013874,"ATLANTA HARTSFIELD JACKSON INTERNATIONAL AIRPORT, GA US",6/23/22,0,87,98,76
USW00013874,"ATLANTA HARTSFIELD JACKSON INTERNATIONAL AIRPORT, GA US",6/24/22,0.01,85,93,75
USW00013874,"ATLANTA HARTSFIELD JACKSON INTERNATIONAL AIRPORT, GA US",6/25/22,0,83,93,74
USW00013874,"ATLANTA HARTSFIELD JACKSON INTERNATIONAL AIRPORT, GA US",6/26/22,0,83,92,74
USW00013874,"ATLANTA HARTSFIELD JACKSON INTERNATIONAL AIRPORT, GA US",6/27/22,2.4,80,91,71
USW00013874,"ATLANTA HARTSFIELD JACKSON INTERNATIONAL AIRPORT, GA US",6/28/22,0.09,76,81,72
USW00013874,"ATLANTA HARTSFIELD JACKSON INTERNATIONAL AIRPORT, GA US",6/29/22,0.22,77,87,72
USW00013874,"ATLANTA HARTSFIELD JACKSON INTERNATIONAL AIRPORT, GA US",6/30/22,0,79,90,72
USW00013874,"ATLANTA HARTSFIELD JACKSON INTERNATIONAL AIRPORT, GA US",7/1/22,0.01,78,83,74
USW00013874,"ATLANTA HARTSFIELD JACKSON INTERNATIONAL AIRPORT, GA US",7/2/22,0,80,91,72
USW00013874,"ATLANTA HARTSFIELD JACKSON INTERNATIONAL AIRPORT, GA US",7/3/22,0.59,82,92,73
USW00013874,"ATLANTA HARTSFIELD JACKSON INTERNATIONAL AIRPORT, GA US",7/4/22,1.69,81,93,73
USW00013874,"ATLANTA HARTSFIELD JACKSON INTERNATIONAL AIRPORT, GA US",7/5/22,0.15,82,93,73
USW00013874,"ATLANTA HARTSFIELD JACKSON INTERNATIONAL AIRPORT, GA US",7/6/22,0,85,94,77
USW00013874,"ATLANTA HARTSFIELD JACKSON INTERNATIONAL AIRPORT, GA US",7/7/22,0,85,94,76
USW00013874,"ATLANTA HARTSFIELD JACKSON INTERNATIONAL AIRPORT, GA US",7/8/22,0.02,83,94,74
USW00013874,"ATLANTA HARTSFIELD JACKSON INTERNATIONAL AIRPORT, GA US",7/9/22,0.04,78,88,74
USW00013874,"ATLANTA HARTSFIELD JACKSON INTERNATIONAL AIRPORT, GA US",7/10/22,0.17,80,87,72
USW00013874,"ATLANTA HARTSFIELD JACKSON INTERNATIONAL AIRPORT, GA US",7/11/22,0,77,81,72
USW00013874,"ATLANTA HARTSFIELD JACKSON INTERNATIONAL AIRPORT, GA US",7/12/22,0,78,88,73
USW00013874,"ATLANTA HARTSFIELD JACKSON INTERNATIONAL AIRPORT, GA US",7/13/22,0.25,80,91,74
USW00013874,"ATLANTA HARTSFIELD JACKSON INTERNATIONAL AIRPORT, GA US",7/14/22,0,79,90,73
USW00013874,"ATLANTA HARTSFIELD JACKSON INTERNATIONAL AIRPORT, GA US",7/15/22,0,81,91,71
USW00013874,"ATLANTA HARTSFIELD JACKSON INTERNATIONAL AIRPORT, GA US",7/16/22,0,80,90,71
USW00013874,"ATLANTA HARTSFIELD JACKSON INTERNATIONAL AIRPORT, GA US",7/17/22,0,81,90,73
USW00013874,"ATLANTA HARTSFIELD JACKSON INTERNATIONAL AIRPORT, GA US",7/18/22,0.15,82,93,73
USW00013874,"ATLANTA HARTSFIELD JACKSON INTERNATIONAL AIRPORT, GA US",7/19/22,0.59,76,87,69
USW00013874,"ATLANTA HARTSFIELD JACKSON INTERNATIONAL AIRPORT, GA US",7/20/22,0,80,92,74
USW00013874,"ATLANTA HARTSFIELD JACKSON INTERNATIONAL AIRPORT, GA US",7/21/22,0.11,78,79,72
USW00013874,"ATLANTA HARTSFIELD JACKSON INTERNATIONAL AIRPORT, GA US",7/22/22,0.13,78,90,71
USW00013874,"ATLANTA HARTSFIELD JACKSON INTERNATIONAL AIRPORT, GA US",7/23/22,0,78,91,71
USW00013874,"ATLANTA HARTSFIELD JACKSON INTERNATIONAL AIRPORT, GA US",7/24/22,0,83,93,74
USW00013874,"ATLANTA HARTSFIELD JACKSON INTERNATIONAL AIRPORT, GA US",7/25/22,0,83,91,74
USW00013874,"ATLANTA HARTSFIELD JACKSON INTERNATIONAL AIRPORT, GA US",7/26/22,0,83,92,74
USW00013874,"ATLANTA HARTSFIELD JACKSON INTERNATIONAL AIRPORT, GA US",7/27/22,0,84,93,74
USW00013874,"ATLANTA HARTSFIELD JACKSON INTERNATIONAL AIRPORT, GA US",7/28/22,0.01,83,91,75
USW00013874,"ATLANTA HARTSFIELD JACKSON INTERNATIONAL AIRPORT, GA US",7/29/22,0.23,83,94,75
USW00013874,"ATLANTA HARTSFIELD JACKSON INTERNATIONAL AIRPORT, GA US",7/30/22,0.03,81,90,72
USW00013874,"ATLANTA HARTSFIELD JACKSON INTERNATIONAL AIRPORT, GA US",7/31/22,0,79,92,71
USW00013874,"ATLANTA HARTSFIELD JACKSON INTERNATIONAL AIRPORT, GA US",8/1/22,0,80,85,73
USW00013874,"ATLANTA HARTSFIELD JACKSON INTERNATIONAL AIRPORT, GA US",8/2/22,0,80,92,73
USW00013874,"ATLANTA HARTSFIELD JACKSON INTERNATIONAL AIRPORT, GA US",8/3/22,0.01,80,90,74
USW00013874,"ATLANTA HARTSFIELD JACKSON INTERNATIONAL AIRPORT, GA US",8/4/22,0.56,78,91,70
USW00013874,"ATLANTA HARTSFIELD JACKSON INTERNATIONAL AIRPORT, GA US",8/5/22,0.19,81,91,73
USW00013874,"ATLANTA HARTSFIELD JACKSON INTERNATIONAL AIRPORT, GA US",8/6/22,1.2,81,91,72
USW00013874,"ATLANTA HARTSFIELD JACKSON INTERNATIONAL AIRPORT, GA US",8/7/22,0,79,90,71
USW00013874,"ATLANTA HARTSFIELD JACKSON INTERNATIONAL AIRPORT, GA US",8/8/22,0,80,91,72
USW00013874,"ATLANTA HARTSFIELD JACKSON INTERNATIONAL AIRPORT, GA US",8/9/22,1.19,78,90,72
USW00013874,"ATLANTA HARTSFIELD JACKSON INTERNATIONAL AIRPORT, GA US",8/10/22,0.86,77,85,71
USW00013874,"ATLANTA HARTSFIELD JACKSON INTERNATIONAL AIRPORT, GA US",8/11/22,0.46,76,87,71
USW00013874,"ATLANTA HARTSFIELD JACKSON INTERNATIONAL AIRPORT, GA US",8/12/22,0.01,78,89,72
USW00013874,"ATLANTA HARTSFIELD JACKSON INTERNATIONAL AIRPORT, GA US",8/13/22,0,78,84,71
USW00013874,"ATLANTA HARTSFIELD JACKSON INTERNATIONAL AIRPORT, GA US",8/14/22,0,78,89,70
USW00013874,"ATLANTA HARTSFIELD JACKSON INTERNATIONAL AIRPORT, GA US",8/15/22,0.13,80,91,73
USW00013874,"ATLANTA HARTSFIELD JACKSON INTERNATIONAL AIRPORT, GA US",8/16/22,0,77,88,71
USW00013874,"ATLANTA HARTSFIELD JACKSON INTERNATIONAL AIRPORT, GA US",8/17/22,0.73,76,82,67
USW00013874,"ATLANTA HARTSFIELD JACKSON INTERNATIONAL AIRPORT, GA US",8/18/22,0,74,81,68
USW00013874,"ATLANTA HARTSFIELD JACKSON INTERNATIONAL AIRPORT, GA US",8/19/22,0.21,75,78,72
USW00013874,"ATLANTA HARTSFIELD JACKSON INTERNATIONAL AIRPORT, GA US",8/20/22,0.04,77,86,71
USW00013874,"ATLANTA HARTSFIELD JACKSON INTERNATIONAL AIRPORT, GA US",8/21/22,0.01,77,86,70
USW00013874,"ATLANTA HARTSFIELD JACKSON INTERNATIONAL AIRPORT, GA US",8/22/22,0,77,83,73
USW00013874,"ATLANTA HARTSFIELD JACKSON INTERNATIONAL AIRPORT, GA US",8/23/22,0,77,87,72
USW00013874,"ATLANTA HARTSFIELD JACKSON INTERNATIONAL AIRPORT, GA US",8/24/22,0.19,76,84,72
USW00013874,"ATLANTA HARTSFIELD JACKSON INTERNATIONAL AIRPORT, GA US",8/25/22,0.59,74,83,70
USW00013874,"ATLANTA HARTSFIELD JACKSON INTERNATIONAL AIRPORT, GA US",8/26/22,0.13,77,88,72
USW00013874,"ATLANTA HARTSFIELD JACKSON INTERNATIONAL AIRPORT, GA US",8/27/22,0,80,90,73
USW00013874,"ATLANTA HARTSFIELD JACKSON INTERNATIONAL AIRPORT, GA US",8/28/22,0,81,89,73
USW00013874,"ATLANTA HARTSFIELD JACKSON INTERNATIONAL AIRPORT, GA US",8/29/22,0,81,90,73
USW00013874,"ATLANTA HARTSFIELD JACKSON INTERNATIONAL AIRPORT, GA US",8/30/22,0.28,79,91,72
USW00013874,"ATLANTA HARTSFIELD JACKSON INTERNATIONAL AIRPORT, GA US",8/31/22,0,78,89,72
USW00013874,"ATLANTA HARTSFIELD JACKSON INTERNATIONAL AIRPORT, GA US",9/1/22,0,80,91,69
USW00013874,"ATLANTA HARTSFIELD JACKSON INTERNATIONAL AIRPORT, GA US",9/2/22,0.09,79,86,73
USW00013874,"ATLANTA HARTSFIELD JACKSON INTERNATIONAL AIRPORT, GA US",9/3/22,0,79,88,72
USW00013874,"ATLANTA HARTSFIELD JACKSON INTERNATIONAL AIRPORT, GA US",9/4/22,0.26,77,83,73
USW00013874,"ATLANTA HARTSFIELD JACKSON INTERNATIONAL AIRPORT, GA US",9/5/22,0.1,75,86,72
USW00013874,"ATLANTA HARTSFIELD JACKSON INTERNATIONAL AIRPORT, GA US",9/6/22,0,77,86,71
USW00013874,"ATLANTA HARTSFIELD JACKSON INTERNATIONAL AIRPORT, GA US",9/7/22,0,78,87,71
USW00013874,"ATLANTA HARTSFIELD JACKSON INTERNATIONAL AIRPORT, GA US",9/8/22,0,77,85,72
USW00013874,"ATLANTA HARTSFIELD JACKSON INTERNATIONAL AIRPORT, GA US",9/9/22,0.03,75,79,68
USW00013874,"ATLANTA HARTSFIELD JACKSON INTERNATIONAL AIRPORT, GA US",9/10/22,0.12,71,73,67
USW00013874,"ATLANTA HARTSFIELD JACKSON INTERNATIONAL AIRPORT, GA US",9/11/22,0.01,74,82,71
USW00013874,"ATLANTA HARTSFIELD JACKSON INTERNATIONAL AIRPORT, GA US",9/12/22,0,76,85,65
USW00013874,"ATLANTA HARTSFIELD JACKSON INTERNATIONAL AIRPORT, GA US",9/13/22,0,70,81,57
USW00013874,"ATLANTA HARTSFIELD JACKSON INTERNATIONAL AIRPORT, GA US",9/14/22,0,72,85,62
USW00013874,"ATLANTA HARTSFIELD JACKSON INTERNATIONAL AIRPORT, GA US",9/15/22,0,75,83,66
USW00013874,"ATLANTA HARTSFIELD JACKSON INTERNATIONAL AIRPORT, GA US",9/16/22,0,74,83,64
USW00013874,"ATLANTA HARTSFIELD JACKSON INTERNATIONAL AIRPORT, GA US",9/17/22,0,74,84,65
USW00013874,"ATLANTA HARTSFIELD JACKSON INTERNATIONAL AIRPORT, GA US",9/18/22,0,75,86,65
USW00013874,"ATLANTA HARTSFIELD JACKSON INTERNATIONAL AIRPORT, GA US",9/19/22,0,78,87,67
USW00013874,"ATLANTA HARTSFIELD JACKSON INTERNATIONAL AIRPORT, GA US",9/20/22,0.38,78,92,69
USW00013874,"ATLANTA HARTSFIELD JACKSON INTERNATIONAL AIRPORT, GA US",9/21/22,0,81,93,71
USW00013874,"ATLANTA HARTSFIELD JACKSON INTERNATIONAL AIRPORT, GA US",9/22/22,0,81,94,68
USW00013874,"ATLANTA HARTSFIELD JACKSON INTERNATIONAL AIRPORT, GA US",9/23/22,0,71,80,62
USW00013874,"ATLANTA HARTSFIELD JACKSON INTERNATIONAL AIRPORT, GA US",9/24/22,0,68,81,55
USW00013874,"ATLANTA HARTSFIELD JACKSON INTERNATIONAL AIRPORT, GA US",9/25/22,0,71,83,63
USW00013874,"ATLANTA HARTSFIELD JACKSON INTERNATIONAL AIRPORT, GA US",9/26/22,0,73,82,62
USW00013874,"ATLANTA HARTSFIELD JACKSON INTERNATIONAL AIRPORT, GA US",9/27/22,0,66,76,55
USW00013874,"ATLANTA HARTSFIELD JACKSON INTERNATIONAL AIRPORT, GA US",9/28/22,0,65,76,55
USW00013874,"ATLANTA HARTSFIELD JACKSON INTERNATIONAL AIRPORT, GA US",9/29/22,0,64,75,56
USW00013874,"ATLANTA HARTSFIELD JACKSON INTERNATIONAL AIRPORT, GA US",9/30/22,0,67,79,62
USW00013874,"ATLANTA HARTSFIELD JACKSON INTERNATIONAL AIRPORT, GA US",10/1/22,0,66,79,56
USW00013874,"ATLANTA HARTSFIELD JACKSON INTERNATIONAL AIRPORT, GA US",10/2/22,0,65,77,55
USW00013874,"ATLANTA HARTSFIELD JACKSON INTERNATIONAL AIRPORT, GA US",10/3/22,0,66,78,56
USW00013874,"ATLANTA HARTSFIELD JACKSON INTERNATIONAL AIRPORT, GA US",10/4/22,0,67,77,58
USW00013874,"ATLANTA HARTSFIELD JACKSON INTERNATIONAL AIRPORT, GA US",10/5/22,0,64,79,52
USW00013874,"ATLANTA HARTSFIELD JACKSON INTERNATIONAL AIRPORT, GA US",10/6/22,0,65,81,52
USW00013874,"ATLANTA HARTSFIELD JACKSON INTERNATIONAL AIRPORT, GA US",10/7/22,0,69,84,57
USW00013874,"ATLANTA HARTSFIELD JACKSON INTERNATIONAL AIRPORT, GA US",10/8/22,0,67,75,53
USW00013874,"ATLANTA HARTSFIELD JACKSON INTERNATIONAL AIRPORT, GA US",10/9/22,0,59,74,45
USW00013874,"ATLANTA HARTSFIELD JACKSON INTERNATIONAL AIRPORT, GA US",10/10/22,0,62,76,49
USW00013874,"ATLANTA HARTSFIELD JACKSON INTERNATIONAL AIRPORT, GA US",10/11/22,0,66,79,56
USW00013874,"ATLANTA HARTSFIELD JACKSON INTERNATIONAL AIRPORT, GA US",10/12/22,0.64,69,72,64
USW00013874,"ATLANTA HARTSFIELD JACKSON INTERNATIONAL AIRPORT, GA US",10/13/22,0.48,67,77,55
USW00013874,"ATLANTA HARTSFIELD JACKSON INTERNATIONAL AIRPORT, GA US",10/14/22,0,62,75,49
USW00013874,"ATLANTA HARTSFIELD JACKSON INTERNATIONAL AIRPORT, GA US",10/15/22,0,64,81,51
USW00013874,"ATLANTA HARTSFIELD JACKSON INTERNATIONAL AIRPORT, GA US",10/16/22,0,68,82,54
USW00013874,"ATLANTA HARTSFIELD JACKSON INTERNATIONAL AIRPORT, GA US",10/17/22,0,68,77,53
USW00013874,"ATLANTA HARTSFIELD JACKSON INTERNATIONAL AIRPORT, GA US",10/18/22,0,49,54,39
USW00013874,"ATLANTA HARTSFIELD JACKSON INTERNATIONAL AIRPORT, GA US",10/19/22,0,46,60,36
USW00013874,"ATLANTA HARTSFIELD JACKSON INTERNATIONAL AIRPORT, GA US",10/20/22,0,50,64,37
USW00013874,"ATLANTA HARTSFIELD JACKSON INTERNATIONAL AIRPORT, GA US",10/21/22,0,54,70,42
USW00013874,"ATLANTA HARTSFIELD JACKSON INTERNATIONAL AIRPORT, GA US",10/22/22,0,58,74,45
USW00013874,"ATLANTA HARTSFIELD JACKSON INTERNATIONAL AIRPORT, GA US",10/23/22,0,61,75,46
USW00013874,"ATLANTA HARTSFIELD JACKSON INTERNATIONAL AIRPORT, GA US",10/24/22,0,62,77,50
USW00013874,"ATLANTA HARTSFIELD JACKSON INTERNATIONAL AIRPORT, GA US",10/25/22,0.18,66,78,53
USW00013874,"ATLANTA HARTSFIELD JACKSON INTERNATIONAL AIRPORT, GA US",10/26/22,0,62,67,50
USW00013874,"ATLANTA HARTSFIELD JACKSON INTERNATIONAL AIRPORT, GA US",10/27/22,0,57,73,47
USW00013874,"ATLANTA HARTSFIELD JACKSON INTERNATIONAL AIRPORT, GA US",10/28/22,0,62,71,54
USW00013874,"ATLANTA HARTSFIELD JACKSON INTERNATIONAL AIRPORT, GA US",10/29/22,0,60,67,53
USW00013874,"ATLANTA HARTSFIELD JACKSON INTERNATIONAL AIRPORT, GA US",10/30/22,0.18,58,60,57
USW00013874,"ATLANTA HARTSFIELD JACKSON INTERNATIONAL AIRPORT, GA US",10/31/22,0.23,64,75,58
USW00013874,"ATLANTA HARTSFIELD JACKSON INTERNATIONAL AIRPORT, GA US",11/1/22,0,62,74,54
USW00013874,"ATLANTA HARTSFIELD JACKSON INTERNATIONAL AIRPORT, GA US",11/2/22,0,65,76,57
USW00013874,"ATLANTA HARTSFIELD JACKSON INTERNATIONAL AIRPORT, GA US",11/3/22,0,64,75,57
USW00013874,"ATLANTA HARTSFIELD JACKSON INTERNATIONAL AIRPORT, GA US",11/4/22,0,64,76,54
USW00013874,"ATLANTA HARTSFIELD JACKSON INTERNATIONAL AIRPORT, GA US",11/5/22,0,68,79,62
USW00013874,"ATLANTA HARTSFIELD JACKSON INTERNATIONAL AIRPORT, GA US",11/6/22,0,73,83,68
USW00013874,"ATLANTA HARTSFIELD JACKSON INTERNATIONAL AIRPORT, GA US",11/7/22,0,73,83,68
USW00013874,"ATLANTA HARTSFIELD JACKSON INTERNATIONAL AIRPORT, GA US",11/8/22,0,73,80,62
USW00013874,"ATLANTA HARTSFIELD JACKSON INTERNATIONAL AIRPORT, GA US",11/9/22,0,62,69,51
USW00013874,"ATLANTA HARTSFIELD JACKSON INTERNATIONAL AIRPORT, GA US",11/10/22,0.13,62,68,59
USW00013874,"ATLANTA HARTSFIELD JACKSON INTERNATIONAL AIRPORT, GA US",11/11/22,0.97,66,71,64
USW00013874,"ATLANTA HARTSFIELD JACKSON INTERNATIONAL AIRPORT, GA US",11/12/22,0,63,70,42
USW00013874,"ATLANTA HARTSFIELD JACKSON INTERNATIONAL AIRPORT, GA US",11/13/22,0,42,48,33
USW00013874,"ATLANTA HARTSFIELD JACKSON INTERNATIONAL AIRPORT, GA US",11/14/22,0,41,55,33
USW00013874,"ATLANTA HARTSFIELD JACKSON INTERNATIONAL AIRPORT, GA US",11/15/22,0.38,47,49,45
USW00013874,"ATLANTA HARTSFIELD JACKSON INTERNATIONAL AIRPORT, GA US",11/16/22,0,47,49,39
USW00013874,"ATLANTA HARTSFIELD JACKSON INTERNATIONAL AIRPORT, GA US",11/17/22,0,40,47,33
USW00013874,"ATLANTA HARTSFIELD JACKSON INTERNATIONAL AIRPORT, GA US",11/18/22,0,40,54,30
USW00013874,"ATLANTA HARTSFIELD JACKSON INTERNATIONAL AIRPORT, GA US",11/19/22,0,44,53,33
USW00013874,"ATLANTA HARTSFIELD JACKSON INTERNATIONAL AIRPORT, GA US",11/20/22,0,42,47,34
USW00013874,"ATLANTA HARTSFIELD JACKSON INTERNATIONAL AIRPORT, GA US",11/21/22,0,42,58,31
USW00013874,"ATLANTA HARTSFIELD JACKSON INTERNATIONAL AIRPORT, GA US",11/22/22,0,52,64,44
USW00013874,"ATLANTA HARTSFIELD JACKSON INTERNATIONAL AIRPORT, GA US",11/23/22,0,55,71,43
USW00013874,"ATLANTA HARTSFIELD JACKSON INTERNATIONAL AIRPORT, GA US",11/24/22,0,57,63,52
USW00013874,"ATLANTA HARTSFIELD JACKSON INTERNATIONAL AIRPORT, GA US",11/25/22,0.25,56,66,51
USW00013874,"ATLANTA HARTSFIELD JACKSON INTERNATIONAL AIRPORT, GA US",11/26/22,0.11,57,66,49
USW00013874,"ATLANTA HARTSFIELD JACKSON INTERNATIONAL AIRPORT, GA US",11/27/22,0.54,62,67,53
USW00013874,"ATLANTA HARTSFIELD JACKSON INTERNATIONAL AIRPORT, GA US",11/28/22,0,56,65,48
USW00013874,"ATLANTA HARTSFIELD JACKSON INTERNATIONAL AIRPORT, GA US",11/29/22,0.51,54,69,44
USW00013874,"ATLANTA HARTSFIELD JACKSON INTERNATIONAL AIRPORT, GA US",11/30/22,1.34,61,69,41
USW00013874,"ATLANTA HARTSFIELD JACKSON INTERNATIONAL AIRPORT, GA US",12/1/22,0,45,57,33
USW00013874,"ATLANTA HARTSFIELD JACKSON INTERNATIONAL AIRPORT, GA US",12/2/22,0,49,61,39
USW00013874,"ATLANTA HARTSFIELD JACKSON INTERNATIONAL AIRPORT, GA US",12/3/22,0.04,57,65,50
USW00013874,"ATLANTA HARTSFIELD JACKSON INTERNATIONAL AIRPORT, GA US",12/4/22,0,55,60,45
USW00013874,"ATLANTA HARTSFIELD JACKSON INTERNATIONAL AIRPORT, GA US",12/5/22,0.83,51,52,48
USW00013874,"ATLANTA HARTSFIELD JACKSON INTERNATIONAL AIRPORT, GA US",12/6/22,0.14,50,55,48
USW00013874,"ATLANTA HARTSFIELD JACKSON INTERNATIONAL AIRPORT, GA US",12/7/22,0,60,73,54
USW00013874,"ATLANTA HARTSFIELD JACKSON INTERNATIONAL AIRPORT, GA US",12/8/22,0,68,78,61
USW00013874,"ATLANTA HARTSFIELD JACKSON INTERNATIONAL AIRPORT, GA US",12/9/22,0.41,65,71,57
USW00013874,"ATLANTA HARTSFIELD JACKSON INTERNATIONAL AIRPORT, GA US",12/10/22,0,55,57,52
USW00013874,"ATLANTA HARTSFIELD JACKSON INTERNATIONAL AIRPORT, GA US",12/11/22,0.44,53,54,52
USW00013874,"ATLANTA HARTSFIELD JACKSON INTERNATIONAL AIRPORT, GA US",12/12/22,0,55,62,52
USW00013874,"ATLANTA HARTSFIELD JACKSON INTERNATIONAL AIRPORT, GA US",12/13/22,0,51,53,48
USW00013874,"ATLANTA HARTSFIELD JACKSON INTERNATIONAL AIRPORT, GA US",12/14/22,0.63,47,49,43
USW00013874,"ATLANTA HARTSFIELD JACKSON INTERNATIONAL AIRPORT, GA US",12/15/22,0.74,52,58,42
USW00013874,"ATLANTA HARTSFIELD JACKSON INTERNATIONAL AIRPORT, GA US",12/16/22,0,45,54,37
USW00013874,"ATLANTA HARTSFIELD JACKSON INTERNATIONAL AIRPORT, GA US",12/17/22,0,46,48,36
USW00013874,"ATLANTA HARTSFIELD JACKSON INTERNATIONAL AIRPORT, GA US",12/18/22,0,38,46,31
USW00013874,"ATLANTA HARTSFIELD JACKSON INTERNATIONAL AIRPORT, GA US",12/19/22,0,39,51,29
USW00013874,"ATLANTA HARTSFIELD JACKSON INTERNATIONAL AIRPORT, GA US",12/20/22,0.06,42,44,39
USW00013874,"ATLANTA HARTSFIELD JACKSON INTERNATIONAL AIRPORT, GA US",12/21/22,0,43,50,39
USW00013874,"ATLANTA HARTSFIELD JACKSON INTERNATIONAL AIRPORT, GA US",12/22/22,0.01,43,49,40
USW00013874,"ATLANTA HARTSFIELD JACKSON INTERNATIONAL AIRPORT, GA US",12/23/22,0.01,31,52,11
USW00013874,"ATLANTA HARTSFIELD JACKSON INTERNATIONAL AIRPORT, GA US",12/24/22,0,15,27,8
USW00013874,"ATLANTA HARTSFIELD JACKSON INTERNATIONAL AIRPORT, GA US",12/25/22,0,25,37,18
USW00013874,"ATLANTA HARTSFIELD JACKSON INTERNATIONAL AIRPORT, GA US",12/26/22,0,29,44,19
USW00013874,"ATLANTA HARTSFIELD JACKSON INTERNATIONAL AIRPORT, GA US",12/27/22,0.01,39,52,30
USW00013874,"ATLANTA HARTSFIELD JACKSON INTERNATIONAL AIRPORT, GA US",12/28/22,0,42,58,30
USW00013874,"ATLANTA HARTSFIELD JACKSON INTERNATIONAL AIRPORT, GA US",12/29/22,0,51,66,42
USW00013874,"ATLANTA HARTSFIELD JACKSON INTERNATIONAL AIRPORT, GA US",12/30/22,0.03,55,67,47
USW00013874,"ATLANTA HARTSFIELD JACKSON INTERNATIONAL AIRPORT, GA US",12/31/22,0.09,59,63,55
USW00013874,"ATLANTA HARTSFIELD JACKSON INTERNATIONAL AIRPORT, GA US",1/1/23,0,59,70,53
USW00013874,"ATLANTA HARTSFIELD JACKSON INTERNATIONAL AIRPORT, GA US",1/2/23,0,60,74,50
USW00013874,"ATLANTA HARTSFIELD JACKSON INTERNATIONAL AIRPORT, GA US",1/3/23,1.05,66,70,62
USW00013874,"ATLANTA HARTSFIELD JACKSON INTERNATIONAL AIRPORT, GA US",1/4/23,1.51,64,70,53
USW00013874,"ATLANTA HARTSFIELD JACKSON INTERNATIONAL AIRPORT, GA US",1/5/23,0,55,62,47
USW00013874,"ATLANTA HARTSFIELD JACKSON INTERNATIONAL AIRPORT, GA US",1/6/23,0,49,59,39
USW00013874,"ATLANTA HARTSFIELD JACKSON INTERNATIONAL AIRPORT, GA US",1/7/23,0,49,66,38
USW00013874,"ATLANTA HARTSFIELD JACKSON INTERNATIONAL AIRPORT, GA US",1/8/23,0.14,56,63,49
USW00013874,"ATLANTA HARTSFIELD JACKSON INTERNATIONAL AIRPORT, GA US",1/9/23,0,51,55,43
USW00013874,"ATLANTA HARTSFIELD JACKSON INTERNATIONAL AIRPORT, GA US",1/10/23,0,47,63,36
USW00013874,"ATLANTA HARTSFIELD JACKSON INTERNATIONAL AIRPORT, GA US",1/11/23,0,53,66,43
USW00013874,"ATLANTA HARTSFIELD JACKSON INTERNATIONAL AIRPORT, GA US",1/12/23,0.6,63,70,52
USW00013874,"ATLANTA HARTSFIELD JACKSON INTERNATIONAL AIRPORT, GA US",1/13/23,0,47,53,37
USW00013874,"ATLANTA HARTSFIELD JACKSON INTERNATIONAL AIRPORT, GA US",1/14/23,0,38,45,32
USW00013874,"ATLANTA HARTSFIELD JACKSON INTERNATIONAL AIRPORT, GA US",1/15/23,0,39,58,29
USW00013874,"ATLANTA HARTSFIELD JACKSON INTERNATIONAL AIRPORT, GA US",1/16/23,0,46,62,34
USW00013874,"ATLANTA HARTSFIELD JACKSON INTERNATIONAL AIRPORT, GA US",1/17/23,0.22,55,61,50
USW00013874,"ATLANTA HARTSFIELD JACKSON INTERNATIONAL AIRPORT, GA US",1/18/23,0.05,59,65,57
USW00013874,"ATLANTA HARTSFIELD JACKSON INTERNATIONAL AIRPORT, GA US",1/19/23,0.04,65,72,55
USW00013874,"ATLANTA HARTSFIELD JACKSON INTERNATIONAL AIRPORT, GA US",1/20/23,0,53,60,43
USW00013874,"ATLANTA HARTSFIELD JACKSON INTERNATIONAL AIRPORT, GA US",1/21/23,0.03,46,51,40
USW00013874,"ATLANTA HARTSFIELD JACKSON INTERNATIONAL AIRPORT, GA US",1/22/23,2.04,43,47,40
USW00013874,"ATLANTA HARTSFIELD JACKSON INTERNATIONAL AIRPORT, GA US",1/23/23,0.01,44,48,35
USW00013874,"ATLANTA HARTSFIELD JACKSON INTERNATIONAL AIRPORT, GA US",1/24/23,0,40,54,30
USW00013874,"ATLANTA HARTSFIELD JACKSON INTERNATIONAL AIRPORT, GA US",1/25/23,0.73,54,65,42
USW00013874,"ATLANTA HARTSFIELD JACKSON INTERNATIONAL AIRPORT, GA US",1/26/23,0,43,50,36
USW00013874,"ATLANTA HARTSFIELD JACKSON INTERNATIONAL AIRPORT, GA US",1/27/23,0,40,52,31
USW00013874,"ATLANTA HARTSFIELD JACKSON INTERNATIONAL AIRPORT, GA US",1/28/23,0,45,58,32
USW00013874,"ATLANTA HARTSFIELD JACKSON INTERNATIONAL AIRPORT, GA US",1/29/23,0.54,48,55,42
USW00013874,"ATLANTA HARTSFIELD JACKSON INTERNATIONAL AIRPORT, GA US",1/30/23,0.24,53,61,49
USW00013874,"ATLANTA HARTSFIELD JACKSON INTERNATIONAL AIRPORT, GA US",1/31/23,0.03,60,67,55
USW00013874,"ATLANTA HARTSFIELD JACKSON INTERNATIONAL AIRPORT, GA US",2/1/23,0.01,57,59,48
USW00013874,"ATLANTA HARTSFIELD JACKSON INTERNATIONAL AIRPORT, GA US",2/2/23,0.8,49,51,46
USW00013874,"ATLANTA HARTSFIELD JACKSON INTERNATIONAL AIRPORT, GA US",2/3/23,0.06,45,49,35
USW00013874,"ATLANTA HARTSFIELD JACKSON INTERNATIONAL AIRPORT, GA US",2/4/23,0,39,51,30
USW00013874,"ATLANTA HARTSFIELD JACKSON INTERNATIONAL AIRPORT, GA US",2/5/23,0,47,63,36
USW00013874,"ATLANTA HARTSFIELD JACKSON INTERNATIONAL AIRPORT, GA US",2/6/23,0,53,66,42
USW00013874,"ATLANTA HARTSFIELD JACKSON INTERNATIONAL AIRPORT, GA US",2/7/23,0,53,68,41
USW00013874,"ATLANTA HARTSFIELD JACKSON INTERNATIONAL AIRPORT, GA US",2/8/23,0,61,73,54
USW00013874,"ATLANTA HARTSFIELD JACKSON INTERNATIONAL AIRPORT, GA US",2/9/23,0,64,69,53
USW00013874,"ATLANTA HARTSFIELD JACKSON INTERNATIONAL AIRPORT, GA US",2/10/23,0.09,55,61,49
USW00013874,"ATLANTA HARTSFIELD JACKSON INTERNATIONAL AIRPORT, GA US",2/11/23,0.49,52,57,42
USW00013874,"ATLANTA HARTSFIELD JACKSON INTERNATIONAL AIRPORT, GA US",2/12/23,0.11,44,48,41
USW00013874,"ATLANTA HARTSFIELD JACKSON INTERNATIONAL AIRPORT, GA US",2/13/23,0,48,66,38
USW00013874,"ATLANTA HARTSFIELD JACKSON INTERNATIONAL AIRPORT, GA US",2/14/23,0,55,70,41
USW00013874,"ATLANTA HARTSFIELD JACKSON INTERNATIONAL AIRPORT, GA US",2/15/23,0.01,59,64,54
USW00013874,"ATLANTA HARTSFIELD JACKSON INTERNATIONAL AIRPORT, GA US",2/16/23,0,63,74,54
USW00013874,"ATLANTA HARTSFIELD JACKSON INTERNATIONAL AIRPORT, GA US",2/17/23,0.49,58,69,34
USW00013874,"ATLANTA HARTSFIELD JACKSON INTERNATIONAL AIRPORT, GA US",2/18/23,0,40,58,29
USW00013874,"ATLANTA HARTSFIELD JACKSON INTERNATIONAL AIRPORT, GA US",2/19/23,0,51,65,43
USW00013874,"ATLANTA HARTSFIELD JACKSON INTERNATIONAL AIRPORT, GA US",2/20/23,0,59,77,47
USW00013874,"ATLANTA HARTSFIELD JACKSON INTERNATIONAL AIRPORT, GA US",2/21/23,0.02,65,70,61
USW00013874,"ATLANTA HARTSFIELD JACKSON INTERNATIONAL AIRPORT, GA US",2/22/23,0,68,81,61
USW00013874,"ATLANTA HARTSFIELD JACKSON INTERNATIONAL AIRPORT, GA US",2/23/23,0.04,72,77,69
USW00013874,"ATLANTA HARTSFIELD JACKSON INTERNATIONAL AIRPORT, GA US",2/24/23,0.18,70,77,56
USW00013874,"ATLANTA HARTSFIELD JACKSON INTERNATIONAL AIRPORT, GA US",2/25/23,0.02,58,63,55
USW00013874,"ATLANTA HARTSFIELD JACKSON INTERNATIONAL AIRPORT, GA US",2/26/23,0,66,76,60
USW00013874,"ATLANTA HARTSFIELD JACKSON INTERNATIONAL AIRPORT, GA US",2/27/23,0,64,75,59
USW00013874,"ATLANTA HARTSFIELD JACKSON INTERNATIONAL AIRPORT, GA US",2/28/23,0,70,80,60
USW00013874,"ATLANTA HARTSFIELD JACKSON INTERNATIONAL AIRPORT, GA US",3/1/23,0,67,75,59
USW00013874,"ATLANTA HARTSFIELD JACKSON INTERNATIONAL AIRPORT, GA US",3/2/23,0.31,67,71,60
USW00013874,"ATLANTA HARTSFIELD JACKSON INTERNATIONAL AIRPORT, GA US",3/3/23,0.36,65,78,59
USW00013874,"ATLANTA HARTSFIELD JACKSON INTERNATIONAL AIRPORT, GA US",3/4/23,0,61,71,51
USW00013874,"ATLANTA HARTSFIELD JACKSON INTERNATIONAL AIRPORT, GA US",3/5/23,0,60,72,50
USW00013874,"ATLANTA HARTSFIELD JACKSON INTERNATIONAL AIRPORT, GA US",3/6/23,0,63,78,51
USW00013874,"ATLANTA HARTSFIELD JACKSON INTERNATIONAL AIRPORT, GA US",3/7/23,0,70,79,61
USW00013874,"ATLANTA HARTSFIELD JACKSON INTERNATIONAL AIRPORT, GA US",3/8/23,0,60,66,49
USW00013874,"ATLANTA HARTSFIELD JACKSON INTERNATIONAL AIRPORT, GA US",3/9/23,0.16,57,62,50
USW00013874,"ATLANTA HARTSFIELD JACKSON INTERNATIONAL AIRPORT, GA US",3/10/23,0.45,55,67,50
USW00013874,"ATLANTA HARTSFIELD JACKSON INTERNATIONAL AIRPORT, GA US",3/11/23,0,52,65,40
USW00013874,"ATLANTA HARTSFIELD JACKSON INTERNATIONAL AIRPORT, GA US",3/12/23,1.04,52,59,47
USW00013874,"ATLANTA HARTSFIELD JACKSON INTERNATIONAL AIRPORT, GA US",3/13/23,0,49,57,39
USW00013874,"ATLANTA HARTSFIELD JACKSON INTERNATIONAL AIRPORT, GA US",3/14/23,0,42,51,31
USW00013874,"ATLANTA HARTSFIELD JACKSON INTERNATIONAL AIRPORT, GA US",3/15/23,0,44,62,31
USW00013874,"ATLANTA HARTSFIELD JACKSON INTERNATIONAL AIRPORT, GA US",3/16/23,0,52,70,37
USW00013874,"ATLANTA HARTSFIELD JACKSON INTERNATIONAL AIRPORT, GA US",3/17/23,0.66,59,65,45
USW00013874,"ATLANTA HARTSFIELD JACKSON INTERNATIONAL AIRPORT, GA US",3/18/23,0,46,54,36
USW00013874,"ATLANTA HARTSFIELD JACKSON INTERNATIONAL AIRPORT, GA US",3/19/23,0,41,46,31
USW00013874,"ATLANTA HARTSFIELD JACKSON INTERNATIONAL AIRPORT, GA US",3/20/23,0,39,55,28
USW00013874,"ATLANTA HARTSFIELD JACKSON INTERNATIONAL AIRPORT, GA US",3/21/23,0,49,62,36
USW00013874,"ATLANTA HARTSFIELD JACKSON INTERNATIONAL AIRPORT, GA US",3/22/23,0,56,70,46
USW00013874,"ATLANTA HARTSFIELD JACKSON INTERNATIONAL AIRPORT, GA US",3/23/23,0,63,80,50
USW00013874,"ATLANTA HARTSFIELD JACKSON INTERNATIONAL AIRPORT, GA US",3/24/23,0,69,78,61
USW00013874,"ATLANTA HARTSFIELD JACKSON INTERNATIONAL AIRPORT, GA US",3/25/23,0.26,71,83,58
USW00013874,"ATLANTA HARTSFIELD JACKSON INTERNATIONAL AIRPORT, GA US",3/26/23,1.76,69,72,60
USW00013874,"ATLANTA HARTSFIELD JACKSON INTERNATIONAL AIRPORT, GA US",3/27/23,0.44,69,80,62
USW00013874,"ATLANTA HARTSFIELD JACKSON INTERNATIONAL AIRPORT, GA US",3/28/23,0,65,75,53
USW00013874,"ATLANTA HARTSFIELD JACKSON INTERNATIONAL AIRPORT, GA US",3/29/23,0,56,65,46
USW00013874,"ATLANTA HARTSFIELD JACKSON INTERNATIONAL AIRPORT, GA US",3/30/23,0,58,73,45
USW00013874,"ATLANTA HARTSFIELD JACKSON INTERNATIONAL AIRPORT, GA US",3/31/23,0,65,78,54
USW00013874,"ATLANTA HARTSFIELD JACKSON INTERNATIONAL AIRPORT, GA US",4/1/23,0.5,71,81,57
USW00013874,"ATLANTA HARTSFIELD JACKSON INTERNATIONAL AIRPORT, GA US",4/2/23,0,62,72,48
USW00013874,"ATLANTA HARTSFIELD JACKSON INTERNATIONAL AIRPORT, GA US",4/3/23,0.12,58,59,54
USW00013874,"ATLANTA HARTSFIELD JACKSON INTERNATIONAL AIRPORT, GA US",4/4/23,0,63,78,57
USW00013874,"ATLANTA HARTSFIELD JACKSON INTERNATIONAL AIRPORT, GA US",4/5/23,0,74,87,65
USW00013874,"ATLANTA HARTSFIELD JACKSON INTERNATIONAL AIRPORT, GA US",4/6/23,0,76,83,69
USW00013874,"ATLANTA HARTSFIELD JACKSON INTERNATIONAL AIRPORT, GA US",4/7/23,0.12,71,79,52
USW00013874,"ATLANTA HARTSFIELD JACKSON INTERNATIONAL AIRPORT, GA US",4/8/23,0.87,49,52,44
USW00013874,"ATLANTA HARTSFIELD JACKSON INTERNATIONAL AIRPORT, GA US",4/9/23,0,51,66,44
USW00013874,"ATLANTA HARTSFIELD JACKSON INTERNATIONAL AIRPORT, GA US",4/10/23,0,55,66,46
USW00013874,"ATLANTA HARTSFIELD JACKSON INTERNATIONAL AIRPORT, GA US",4/11/23,0,58,73,46
USW00013874,"ATLANTA HARTSFIELD JACKSON INTERNATIONAL AIRPORT, GA US",4/12/23,0,63,78,48
USW00013874,"ATLANTA HARTSFIELD JACKSON INTERNATIONAL AIRPORT, GA US",4/13/23,0.79,62,65,55
USW00013874,"ATLANTA HARTSFIELD JACKSON INTERNATIONAL AIRPORT, GA US",4/14/23,0.1,64,71,61
USW00013874,"ATLANTA HARTSFIELD JACKSON INTERNATIONAL AIRPORT, GA US",4/15/23,0,68,80,58
USW00013874,"ATLANTA HARTSFIELD JACKSON INTERNATIONAL AIRPORT, GA US",4/16/23,0.08,69,74,56
USW00013874,"ATLANTA HARTSFIELD JACKSON INTERNATIONAL AIRPORT, GA US",4/17/23,0,60,71,47
USW00013874,"ATLANTA HARTSFIELD JACKSON INTERNATIONAL AIRPORT, GA US",4/18/23,0,63,80,49
USW00013874,"ATLANTA HARTSFIELD JACKSON INTERNATIONAL AIRPORT, GA US",4/19/23,0,70,83,54
USW00013874,"ATLANTA HARTSFIELD JACKSON INTERNATIONAL AIRPORT, GA US",4/20/23,0,72,84,59
USW00013874,"ATLANTA HARTSFIELD JACKSON INTERNATIONAL AIRPORT, GA US",4/21/23,0,71,79,59
USW00013874,"ATLANTA HARTSFIELD JACKSON INTERNATIONAL AIRPORT, GA US",4/22/23,0.03,67,71,55
USW00013874,"ATLANTA HARTSFIELD JACKSON INTERNATIONAL AIRPORT, GA US",4/23/23,0,60,71,51
USW00013874,"ATLANTA HARTSFIELD JACKSON INTERNATIONAL AIRPORT, GA US",4/24/23,0,59,69,50
USW00013874,"ATLANTA HARTSFIELD JACKSON INTERNATIONAL AIRPORT, GA US",4/25/23,0,59,74,47
USW00013874,"ATLANTA HARTSFIELD JACKSON INTERNATIONAL AIRPORT, GA US",4/26/23,0,60,62,56
USW00013874,"ATLANTA HARTSFIELD JACKSON INTERNATIONAL AIRPORT, GA US",4/27/23,0.4,58,62,55
USW00013874,"ATLANTA HARTSFIELD JACKSON INTERNATIONAL AIRPORT, GA US",4/28/23,0,66,79,60
USW00013874,"ATLANTA HARTSFIELD JACKSON INTERNATIONAL AIRPORT, GA US",4/29/23,0.21,67,74,57
USW00013874,"ATLANTA HARTSFIELD JACKSON INTERNATIONAL AIRPORT, GA US",4/30/23,1.15,65,73,53
USW00013874,"ATLANTA HARTSFIELD JACKSON INTERNATIONAL AIRPORT, GA US",5/1/23,0,59,68,50
USW00013874,"ATLANTA HARTSFIELD JACKSON INTERNATIONAL AIRPORT, GA US",5/2/23,0,60,73,48
USW00013874,"ATLANTA HARTSFIELD JACKSON INTERNATIONAL AIRPORT, GA US",5/3/23,0,61,72,48
USW00013874,"ATLANTA HARTSFIELD JACKSON INTERNATIONAL AIRPORT, GA US",5/4/23,0,62,75,50